file,line,type,commit,author,date,time,timezone,datetime,depth,length
style.css,1,css,3e9fd43f,Chanyoung Park,2025-01-30,20:41:06,-08:00,2025-01-30T20:41:06-08:00,0,12
style.css,2,css,7cab4e68,Chanyoung Park,2025-01-14,18:42:09,-08:00,2025-01-14T18:42:09-08:00,0,6
style.css,3,css,7cab4e68,Chanyoung Park,2025-01-14,18:42:09,-08:00,2025-01-14T18:42:09-08:00,0,43
style.css,4,css,f927b111,Chanyoung Park,2025-01-22,22:56:05,-08:00,2025-01-22T22:56:05-08:00,0,33
style.css,5,css,f927b111,Chanyoung Park,2025-01-22,22:56:05,-08:00,2025-01-22T22:56:05-08:00,0,24
style.css,6,css,7cab4e68,Chanyoung Park,2025-01-14,18:42:09,-08:00,2025-01-14T18:42:09-08:00,0,0
style.css,7,css,7cab4e68,Chanyoung Park,2025-01-14,18:42:09,-08:00,2025-01-14T18:42:09-08:00,0,0
style.css,8,css,326af6d7,Chanyoung Park,2025-01-08,20:35:48,-08:00,2025-01-08T20:35:48-08:00,0,5
style.css,9,css,7cab4e68,Chanyoung Park,2025-01-14,18:42:09,-08:00,2025-01-14T18:42:09-08:00,0,44
style.css,10,css,7cab4e68,Chanyoung Park,2025-01-14,18:42:09,-08:00,2025-01-14T18:42:09-08:00,0,43
style.css,11,css,7cab4e68,Chanyoung Park,2025-01-14,18:42:09,-08:00,2025-01-14T18:42:09-08:00,0,1
style.css,12,css,7cab4e68,Chanyoung Park,2025-01-14,18:42:09,-08:00,2025-01-14T18:42:09-08:00,0,24
style.css,13,css,7cab4e68,Chanyoung Park,2025-01-14,18:42:09,-08:00,2025-01-14T18:42:09-08:00,0,16
style.css,14,css,7cab4e68,Chanyoung Park,2025-01-14,18:42:09,-08:00,2025-01-14T18:42:09-08:00,0,19
style.css,15,css,7cab4e68,Chanyoung Park,2025-01-14,18:42:09,-08:00,2025-01-14T18:42:09-08:00,0,12
style.css,16,css,7cab4e68,Chanyoung Park,2025-01-14,18:42:09,-08:00,2025-01-14T18:42:09-08:00,0,0
style.css,17,css,7cab4e68,Chanyoung Park,2025-01-14,18:42:09,-08:00,2025-01-14T18:42:09-08:00,0,0
style.css,18,css,7cab4e68,Chanyoung Park,2025-01-14,18:42:09,-08:00,2025-01-14T18:42:09-08:00,0,3
style.css,19,css,7cab4e68,Chanyoung Park,2025-01-14,18:42:09,-08:00,2025-01-14T18:42:09-08:00,0,15
style.css,20,css,7cab4e68,Chanyoung Park,2025-01-14,18:42:09,-08:00,2025-01-14T18:42:09-08:00,0,0
style.css,21,css,7cab4e68,Chanyoung Park,2025-01-14,18:42:09,-08:00,2025-01-14T18:42:09-08:00,0,0
style.css,22,css,7cab4e68,Chanyoung Park,2025-01-14,18:42:09,-08:00,2025-01-14T18:42:09-08:00,0,23
style.css,23,css,7cab4e68,Chanyoung Park,2025-01-14,18:42:09,-08:00,2025-01-14T18:42:09-08:00,0,16
style.css,24,css,7cab4e68,Chanyoung Park,2025-01-14,18:42:09,-08:00,2025-01-14T18:42:09-08:00,0,18
style.css,25,css,7cab4e68,Chanyoung Park,2025-01-14,18:42:09,-08:00,2025-01-14T18:42:09-08:00,0,0
style.css,26,css,7cab4e68,Chanyoung Park,2025-01-14,18:42:09,-08:00,2025-01-14T18:42:09-08:00,0,0
style.css,27,css,3e9fd43f,Chanyoung Park,2025-01-30,20:41:06,-08:00,2025-01-30T20:41:06-08:00,0,14
style.css,28,css,71fa73d8,Chanyoung Park,2025-01-14,20:59:44,-08:00,2025-01-14T20:59:44-08:00,0,12
style.css,29,css,71fa73d8,Chanyoung Park,2025-01-14,20:59:44,-08:00,2025-01-14T20:59:44-08:00,0,10
style.css,30,css,71fa73d8,Chanyoung Park,2025-01-14,20:59:44,-08:00,2025-01-14T20:59:44-08:00,0,13
style.css,31,css,71fa73d8,Chanyoung Park,2025-01-14,20:59:44,-08:00,2025-01-14T20:59:44-08:00,0,18
style.css,32,css,71fa73d8,Chanyoung Park,2025-01-14,20:59:44,-08:00,2025-01-14T20:59:44-08:00,0,0
style.css,33,css,71fa73d8,Chanyoung Park,2025-01-14,20:59:44,-08:00,2025-01-14T20:59:44-08:00,0,0
style.css,34,css,3e9fd43f,Chanyoung Park,2025-01-30,20:41:06,-08:00,2025-01-30T20:41:06-08:00,0,17
style.css,35,css,3e9fd43f,Chanyoung Park,2025-01-30,20:41:06,-08:00,2025-01-30T20:41:06-08:00,0,13
style.css,36,css,3e9fd43f,Chanyoung Park,2025-01-30,20:41:06,-08:00,2025-01-30T20:41:06-08:00,0,37
style.css,37,css,3e9fd43f,Chanyoung Park,2025-01-30,20:41:06,-08:00,2025-01-30T20:41:06-08:00,0,18
style.css,38,css,3e9fd43f,Chanyoung Park,2025-01-30,20:41:06,-08:00,2025-01-30T20:41:06-08:00,0,0
style.css,39,css,3e9fd43f,Chanyoung Park,2025-01-30,20:41:06,-08:00,2025-01-30T20:41:06-08:00,0,0
style.css,40,css,3e9fd43f,Chanyoung Park,2025-01-30,20:41:06,-08:00,2025-01-30T20:41:06-08:00,0,17
style.css,41,css,3e9fd43f,Chanyoung Park,2025-01-30,20:41:06,-08:00,2025-01-30T20:41:06-08:00,0,11
style.css,42,css,3e9fd43f,Chanyoung Park,2025-01-30,20:41:06,-08:00,2025-01-30T20:41:06-08:00,0,15
style.css,43,css,3e9fd43f,Chanyoung Park,2025-01-30,20:41:06,-08:00,2025-01-30T20:41:06-08:00,0,11
style.css,44,css,3e9fd43f,Chanyoung Park,2025-01-30,20:41:06,-08:00,2025-01-30T20:41:06-08:00,0,0
style.css,45,css,3e9fd43f,Chanyoung Park,2025-01-30,20:41:06,-08:00,2025-01-30T20:41:06-08:00,0,0
style.css,46,css,3e9fd43f,Chanyoung Park,2025-01-30,20:41:06,-08:00,2025-01-30T20:41:06-08:00,0,17
style.css,47,css,3e9fd43f,Chanyoung Park,2025-01-30,20:41:06,-08:00,2025-01-30T20:41:06-08:00,0,11
style.css,48,css,3e9fd43f,Chanyoung Park,2025-01-30,20:41:06,-08:00,2025-01-30T20:41:06-08:00,0,15
style.css,49,css,3e9fd43f,Chanyoung Park,2025-01-30,20:41:06,-08:00,2025-01-30T20:41:06-08:00,0,9
style.css,50,css,3e9fd43f,Chanyoung Park,2025-01-30,20:41:06,-08:00,2025-01-30T20:41:06-08:00,0,0
style.css,51,css,3e9fd43f,Chanyoung Park,2025-01-30,20:41:06,-08:00,2025-01-30T20:41:06-08:00,0,0
style.css,52,css,3e9fd43f,Chanyoung Park,2025-01-30,20:41:06,-08:00,2025-01-30T20:41:06-08:00,0,19
style.css,53,css,7cab4e68,Chanyoung Park,2025-01-14,18:42:09,-08:00,2025-01-14T18:42:09-08:00,0,4
style.css,54,css,7cab4e68,Chanyoung Park,2025-01-14,18:42:09,-08:00,2025-01-14T18:42:09-08:00,0,13
style.css,55,css,7cab4e68,Chanyoung Park,2025-01-14,18:42:09,-08:00,2025-01-14T18:42:09-08:00,0,42
style.css,56,css,f927b111,Chanyoung Park,2025-01-22,22:56:05,-08:00,2025-01-22T22:56:05-08:00,0,40
style.css,57,css,f927b111,Chanyoung Park,2025-01-22,22:56:05,-08:00,2025-01-22T22:56:05-08:00,0,40
style.css,58,css,7cab4e68,Chanyoung Park,2025-01-14,18:42:09,-08:00,2025-01-14T18:42:09-08:00,0,18
style.css,59,css,7cab4e68,Chanyoung Park,2025-01-14,18:42:09,-08:00,2025-01-14T18:42:09-08:00,0,0
style.css,60,css,7cab4e68,Chanyoung Park,2025-01-14,18:42:09,-08:00,2025-01-14T18:42:09-08:00,0,0
style.css,61,css,7cab4e68,Chanyoung Park,2025-01-14,18:42:09,-08:00,2025-01-14T18:42:09-08:00,0,6
style.css,62,css,7cab4e68,Chanyoung Park,2025-01-14,18:42:09,-08:00,2025-01-14T18:42:09-08:00,0,7
style.css,63,css,7cab4e68,Chanyoung Park,2025-01-14,18:42:09,-08:00,2025-01-14T18:42:09-08:00,0,21
style.css,64,css,7cab4e68,Chanyoung Park,2025-01-14,18:42:09,-08:00,2025-01-14T18:42:09-08:00,0,14
style.css,65,css,7cab4e68,Chanyoung Park,2025-01-14,18:42:09,-08:00,2025-01-14T18:42:09-08:00,0,18
style.css,66,css,7cab4e68,Chanyoung Park,2025-01-14,18:42:09,-08:00,2025-01-14T18:42:09-08:00,0,14
style.css,67,css,7cab4e68,Chanyoung Park,2025-01-14,18:42:09,-08:00,2025-01-14T18:42:09-08:00,0,0
style.css,68,css,7cab4e68,Chanyoung Park,2025-01-14,18:42:09,-08:00,2025-01-14T18:42:09-08:00,0,0
style.css,69,css,7cab4e68,Chanyoung Park,2025-01-14,18:42:09,-08:00,2025-01-14T18:42:09-08:00,0,14
style.css,70,css,7cab4e68,Chanyoung Park,2025-01-14,18:42:09,-08:00,2025-01-14T18:42:09-08:00,0,17
style.css,71,css,7cab4e68,Chanyoung Park,2025-01-14,18:42:09,-08:00,2025-01-14T18:42:09-08:00,0,44
style.css,72,css,f927b111,Chanyoung Park,2025-01-22,22:56:05,-08:00,2025-01-22T22:56:05-08:00,0,45
style.css,73,css,7cab4e68,Chanyoung Park,2025-01-14,18:42:09,-08:00,2025-01-14T18:42:09-08:00,0,19
style.css,74,css,7cab4e68,Chanyoung Park,2025-01-14,18:42:09,-08:00,2025-01-14T18:42:09-08:00,0,0
style.css,75,css,7cab4e68,Chanyoung Park,2025-01-14,18:42:09,-08:00,2025-01-14T18:42:09-08:00,0,0
style.css,76,css,7cab4e68,Chanyoung Park,2025-01-14,18:42:09,-08:00,2025-01-14T18:42:09-08:00,0,8
style.css,77,css,7cab4e68,Chanyoung Park,2025-01-14,18:42:09,-08:00,2025-01-14T18:42:09-08:00,0,46
style.css,78,css,f927b111,Chanyoung Park,2025-01-22,22:56:05,-08:00,2025-01-22T22:56:05-08:00,0,70
style.css,79,css,7cab4e68,Chanyoung Park,2025-01-14,18:42:09,-08:00,2025-01-14T18:42:09-08:00,0,19
style.css,80,css,7cab4e68,Chanyoung Park,2025-01-14,18:42:09,-08:00,2025-01-14T18:42:09-08:00,0,0
style.css,81,css,7cab4e68,Chanyoung Park,2025-01-14,18:42:09,-08:00,2025-01-14T18:42:09-08:00,0,0
style.css,82,css,f927b111,Chanyoung Park,2025-01-22,22:56:05,-08:00,2025-01-22T22:56:05-08:00,0,19
style.css,83,css,f927b111,Chanyoung Park,2025-01-22,22:56:05,-08:00,2025-01-22T22:56:05-08:00,0,14
style.css,84,css,f927b111,Chanyoung Park,2025-01-22,22:56:05,-08:00,2025-01-22T22:56:05-08:00,0,18
style.css,85,css,f927b111,Chanyoung Park,2025-01-22,22:56:05,-08:00,2025-01-22T22:56:05-08:00,0,9
style.css,86,css,f927b111,Chanyoung Park,2025-01-22,22:56:05,-08:00,2025-01-22T22:56:05-08:00,0,11
style.css,87,css,f927b111,Chanyoung Park,2025-01-22,22:56:05,-08:00,2025-01-22T22:56:05-08:00,0,0
style.css,88,css,f927b111,Chanyoung Park,2025-01-22,22:56:05,-08:00,2025-01-22T22:56:05-08:00,0,0
style.css,89,css,3e9fd43f,Chanyoung Park,2025-01-30,20:41:06,-08:00,2025-01-30T20:41:06-08:00,0,17
style.css,90,css,f927b111,Chanyoung Park,2025-01-22,22:56:05,-08:00,2025-01-22T22:56:05-08:00,0,31
style.css,91,css,7cab4e68,Chanyoung Park,2025-01-14,18:42:09,-08:00,2025-01-14T18:42:09-08:00,0,13
style.css,92,css,7cab4e68,Chanyoung Park,2025-01-14,18:42:09,-08:00,2025-01-14T18:42:09-08:00,0,0
style.css,93,css,7cab4e68,Chanyoung Park,2025-01-14,18:42:09,-08:00,2025-01-14T18:42:09-08:00,0,0
style.css,94,css,7cab4e68,Chanyoung Park,2025-01-14,18:42:09,-08:00,2025-01-14T18:42:09-08:00,0,5
style.css,95,css,7cab4e68,Chanyoung Park,2025-01-14,18:42:09,-08:00,2025-01-14T18:42:09-08:00,0,13
style.css,96,css,7cab4e68,Chanyoung Park,2025-01-14,18:42:09,-08:00,2025-01-14T18:42:09-08:00,0,31
style.css,97,css,7cab4e68,Chanyoung Park,2025-01-14,18:42:09,-08:00,2025-01-14T18:42:09-08:00,0,7
style.css,98,css,7cab4e68,Chanyoung Park,2025-01-14,18:42:09,-08:00,2025-01-14T18:42:09-08:00,0,0
style.css,99,css,7cab4e68,Chanyoung Park,2025-01-14,18:42:09,-08:00,2025-01-14T18:42:09-08:00,0,0
style.css,100,css,7cab4e68,Chanyoung Park,2025-01-14,18:42:09,-08:00,2025-01-14T18:42:09-08:00,0,11
style.css,101,css,7cab4e68,Chanyoung Park,2025-01-14,18:42:09,-08:00,2025-01-14T18:42:09-08:00,0,13
style.css,102,css,7cab4e68,Chanyoung Park,2025-01-14,18:42:09,-08:00,2025-01-14T18:42:09-08:00,0,30
style.css,103,css,7cab4e68,Chanyoung Park,2025-01-14,18:42:09,-08:00,2025-01-14T18:42:09-08:00,0,0
style.css,104,css,7cab4e68,Chanyoung Park,2025-01-14,18:42:09,-08:00,2025-01-14T18:42:09-08:00,0,0
style.css,105,css,7cab4e68,Chanyoung Park,2025-01-14,18:42:09,-08:00,2025-01-14T18:42:09-08:00,0,12
style.css,106,css,7cab4e68,Chanyoung Park,2025-01-14,18:42:09,-08:00,2025-01-14T18:42:09-08:00,0,17
style.css,107,css,7cab4e68,Chanyoung Park,2025-01-14,18:42:09,-08:00,2025-01-14T18:42:09-08:00,0,0
style.css,108,css,7cab4e68,Chanyoung Park,2025-01-14,18:42:09,-08:00,2025-01-14T18:42:09-08:00,0,0
style.css,109,css,3e9fd43f,Chanyoung Park,2025-01-30,20:41:06,-08:00,2025-01-30T20:41:06-08:00,0,13
style.css,110,css,7cab4e68,Chanyoung Park,2025-01-14,18:42:09,-08:00,2025-01-14T18:42:09-08:00,0,10
style.css,111,css,7cab4e68,Chanyoung Park,2025-01-14,18:42:09,-08:00,2025-01-14T18:42:09-08:00,0,13
style.css,112,css,640f4c3b,Chanyoung Park,2025-02-04,23:28:36,-08:00,2025-02-04T23:28:36-08:00,0,59
style.css,113,css,7cab4e68,Chanyoung Park,2025-01-14,18:42:09,-08:00,2025-01-14T18:42:09-08:00,0,0
style.css,114,css,7cab4e68,Chanyoung Park,2025-01-14,18:42:09,-08:00,2025-01-14T18:42:09-08:00,0,0
style.css,115,css,7cab4e68,Chanyoung Park,2025-01-14,18:42:09,-08:00,2025-01-14T18:42:09-08:00,0,18
style.css,116,css,7cab4e68,Chanyoung Park,2025-01-14,18:42:09,-08:00,2025-01-14T18:42:09-08:00,0,27
style.css,117,css,7cab4e68,Chanyoung Park,2025-01-14,18:42:09,-08:00,2025-01-14T18:42:09-08:00,0,16
style.css,118,css,640f4c3b,Chanyoung Park,2025-02-04,23:28:36,-08:00,2025-02-04T23:28:36-08:00,0,10
style.css,119,css,7cab4e68,Chanyoung Park,2025-01-14,18:42:09,-08:00,2025-01-14T18:42:09-08:00,0,0
style.css,120,css,7cab4e68,Chanyoung Park,2025-01-14,18:42:09,-08:00,2025-01-14T18:42:09-08:00,0,0
style.css,121,css,640f4c3b,Chanyoung Park,2025-02-04,23:28:36,-08:00,2025-02-04T23:28:36-08:00,0,21
style.css,122,css,7cab4e68,Chanyoung Park,2025-01-14,18:42:09,-08:00,2025-01-14T18:42:09-08:00,0,9
style.css,123,css,7cab4e68,Chanyoung Park,2025-01-14,18:42:09,-08:00,2025-01-14T18:42:09-08:00,0,0
style.css,124,css,7cab4e68,Chanyoung Park,2025-01-14,18:42:09,-08:00,2025-01-14T18:42:09-08:00,0,0
style.css,125,css,3e9fd43f,Chanyoung Park,2025-01-30,20:41:06,-08:00,2025-01-30T20:41:06-08:00,0,20
style.css,126,css,640f4c3b,Chanyoung Park,2025-02-04,23:28:36,-08:00,2025-02-04T23:28:36-08:00,0,14
style.css,127,css,3e9fd43f,Chanyoung Park,2025-01-30,20:41:06,-08:00,2025-01-30T20:41:06-08:00,0,19
style.css,128,css,3e9fd43f,Chanyoung Park,2025-01-30,20:41:06,-08:00,2025-01-30T20:41:06-08:00,0,0
style.css,129,css,3e9fd43f,Chanyoung Park,2025-01-30,20:41:06,-08:00,2025-01-30T20:41:06-08:00,0,0
style.css,130,css,c0f0adbc,Chanyoung Park,2025-02-04,23:02:30,-08:00,2025-02-04T23:02:30-08:00,0,11
style.css,131,css,c0f0adbc,Chanyoung Park,2025-02-04,23:02:30,-08:00,2025-02-04T23:02:30-08:00,0,13
style.css,132,css,c0f0adbc,Chanyoung Park,2025-02-04,23:02:30,-08:00,2025-02-04T23:02:30-08:00,0,19
style.css,133,css,c0f0adbc,Chanyoung Park,2025-02-04,23:02:30,-08:00,2025-02-04T23:02:30-08:00,0,0
style.css,134,css,c0f0adbc,Chanyoung Park,2025-02-04,23:02:30,-08:00,2025-02-04T23:02:30-08:00,0,0
style.css,135,css,c0f0adbc,Chanyoung Park,2025-02-04,23:02:30,-08:00,2025-02-04T23:02:30-08:00,0,8
style.css,136,css,c0f0adbc,Chanyoung Park,2025-02-04,23:02:30,-08:00,2025-02-04T23:02:30-08:00,0,13
style.css,137,css,c0f0adbc,Chanyoung Park,2025-02-04,23:02:30,-08:00,2025-02-04T23:02:30-08:00,0,59
style.css,138,css,c0f0adbc,Chanyoung Park,2025-02-04,23:02:30,-08:00,2025-02-04T23:02:30-08:00,0,10
style.css,139,css,c0f0adbc,Chanyoung Park,2025-02-04,23:02:30,-08:00,2025-02-04T23:02:30-08:00,0,14
style.css,140,css,c0f0adbc,Chanyoung Park,2025-02-04,23:02:30,-08:00,2025-02-04T23:02:30-08:00,0,11
style.css,141,css,c0f0adbc,Chanyoung Park,2025-02-04,23:02:30,-08:00,2025-02-04T23:02:30-08:00,0,7
style.css,142,css,c0f0adbc,Chanyoung Park,2025-02-04,23:02:30,-08:00,2025-02-04T23:02:30-08:00,0,14
style.css,143,css,c0f0adbc,Chanyoung Park,2025-02-04,23:02:30,-08:00,2025-02-04T23:02:30-08:00,0,0
style.css,144,css,c0f0adbc,Chanyoung Park,2025-02-04,23:02:30,-08:00,2025-02-04T23:02:30-08:00,0,0
style.css,145,css,c0f0adbc,Chanyoung Park,2025-02-04,23:02:30,-08:00,2025-02-04T23:02:30-08:00,0,11
style.css,146,css,c0f0adbc,Chanyoung Park,2025-02-04,23:02:30,-08:00,2025-02-04T23:02:30-08:00,0,13
style.css,147,css,c0f0adbc,Chanyoung Park,2025-02-04,23:02:30,-08:00,2025-02-04T23:02:30-08:00,0,19
style.css,148,css,c0f0adbc,Chanyoung Park,2025-02-04,23:02:30,-08:00,2025-02-04T23:02:30-08:00,0,10
style.css,149,css,c0f0adbc,Chanyoung Park,2025-02-04,23:02:30,-08:00,2025-02-04T23:02:30-08:00,0,0
style.css,150,css,c0f0adbc,Chanyoung Park,2025-02-04,23:02:30,-08:00,2025-02-04T23:02:30-08:00,0,0
style.css,151,css,c0f0adbc,Chanyoung Park,2025-02-04,23:02:30,-08:00,2025-02-04T23:02:30-08:00,0,8
style.css,152,css,c0f0adbc,Chanyoung Park,2025-02-04,23:02:30,-08:00,2025-02-04T23:02:30-08:00,0,10
style.css,153,css,c0f0adbc,Chanyoung Park,2025-02-04,23:02:30,-08:00,2025-02-04T23:02:30-08:00,0,19
style.css,154,css,c0f0adbc,Chanyoung Park,2025-02-04,23:02:30,-08:00,2025-02-04T23:02:30-08:00,0,30
style.css,155,css,c0f0adbc,Chanyoung Park,2025-02-04,23:02:30,-08:00,2025-02-04T23:02:30-08:00,0,18
style.css,156,css,c0f0adbc,Chanyoung Park,2025-02-04,23:02:30,-08:00,2025-02-04T23:02:30-08:00,0,0
style.css,157,css,c0f0adbc,Chanyoung Park,2025-02-04,23:02:30,-08:00,2025-02-04T23:02:30-08:00,0,0
style.css,158,css,c0f0adbc,Chanyoung Park,2025-02-04,23:02:30,-08:00,2025-02-04T23:02:30-08:00,0,11
style.css,159,css,c0f0adbc,Chanyoung Park,2025-02-04,23:02:30,-08:00,2025-02-04T23:02:30-08:00,0,11
style.css,160,css,c0f0adbc,Chanyoung Park,2025-02-04,23:02:30,-08:00,2025-02-04T23:02:30-08:00,0,18
style.css,161,css,c0f0adbc,Chanyoung Park,2025-02-04,23:02:30,-08:00,2025-02-04T23:02:30-08:00,0,0
style.css,162,css,c0f0adbc,Chanyoung Park,2025-02-04,23:02:30,-08:00,2025-02-04T23:02:30-08:00,0,0
style.css,163,css,bacaa136,Chanyoung Park,2025-02-06,13:30:23,-08:00,2025-02-06T13:30:23-08:00,0,18
style.css,164,css,bacaa136,Chanyoung Park,2025-02-06,13:30:23,-08:00,2025-02-06T13:30:23-08:00,0,17
style.css,165,css,bacaa136,Chanyoung Park,2025-02-06,13:30:23,-08:00,2025-02-06T13:30:23-08:00,0,12
style.css,166,css,bacaa136,Chanyoung Park,2025-02-06,13:30:23,-08:00,2025-02-06T13:30:23-08:00,0,0
style.css,167,css,bacaa136,Chanyoung Park,2025-02-06,13:30:23,-08:00,2025-02-06T13:30:23-08:00,0,0
style.css,168,css,bacaa136,Chanyoung Park,2025-02-06,13:30:23,-08:00,2025-02-06T13:30:23-08:00,0,0
style.css,169,css,bacaa136,Chanyoung Park,2025-02-06,13:30:23,-08:00,2025-02-06T13:30:23-08:00,0,5
style.css,170,css,bacaa136,Chanyoung Park,2025-02-06,13:30:23,-08:00,2025-02-06T13:30:23-08:00,0,17
style.css,171,css,bacaa136,Chanyoung Park,2025-02-06,13:30:23,-08:00,2025-02-06T13:30:23-08:00,0,15
style.css,172,css,bacaa136,Chanyoung Park,2025-02-06,13:30:23,-08:00,2025-02-06T13:30:23-08:00,0,0
style.css,173,css,bacaa136,Chanyoung Park,2025-02-06,13:30:23,-08:00,2025-02-06T13:30:23-08:00,0,0
style.css,174,css,bacaa136,Chanyoung Park,2025-02-06,13:30:23,-08:00,2025-02-06T13:30:23-08:00,0,10
style.css,175,css,bacaa136,Chanyoung Park,2025-02-06,13:30:23,-08:00,2025-02-06T13:30:23-08:00,0,36
style.css,176,css,bacaa136,Chanyoung Park,2025-02-06,13:30:23,-08:00,2025-02-06T13:30:23-08:00,0,0
style.css,177,css,bacaa136,Chanyoung Park,2025-02-06,13:30:23,-08:00,2025-02-06T13:30:23-08:00,0,11
style.css,178,css,bacaa136,Chanyoung Park,2025-02-06,13:30:23,-08:00,2025-02-06T13:30:23-08:00,0,18
style.css,179,css,bacaa136,Chanyoung Park,2025-02-06,13:30:23,-08:00,2025-02-06T13:30:23-08:00,0,0
style.css,180,css,bacaa136,Chanyoung Park,2025-02-06,13:30:23,-08:00,2025-02-06T13:30:23-08:00,0,0
style.css,181,css,bacaa136,Chanyoung Park,2025-02-06,13:30:23,-08:00,2025-02-06T13:30:23-08:00,0,0
style.css,182,css,3e9fd43f,Chanyoung Park,2025-01-30,20:41:06,-08:00,2025-01-30T20:41:06-08:00,0,11
style.css,183,css,7cab4e68,Chanyoung Park,2025-01-14,18:42:09,-08:00,2025-01-14T18:42:09-08:00,0,16
style.css,184,css,71fa73d8,Chanyoung Park,2025-01-14,20:59:44,-08:00,2025-01-14T20:59:44-08:00,0,46
style.css,185,css,7cab4e68,Chanyoung Park,2025-01-14,18:42:09,-08:00,2025-01-14T18:42:09-08:00,0,0
style.css,186,css,71fa73d8,Chanyoung Park,2025-01-14,20:59:44,-08:00,2025-01-14T20:59:44-08:00,0,0
style.css,187,css,71fa73d8,Chanyoung Park,2025-01-14,20:59:44,-08:00,2025-01-14T20:59:44-08:00,0,11
style.css,188,css,71fa73d8,Chanyoung Park,2025-01-14,20:59:44,-08:00,2025-01-14T20:59:44-08:00,0,18
style.css,189,css,79b3dd61,Chanyoung Park,2025-01-14,21:16:56,-08:00,2025-01-14T21:16:56-08:00,0,19
style.css,190,css,f927b111,Chanyoung Park,2025-01-22,22:56:05,-08:00,2025-01-22T22:56:05-08:00,0,70
style.css,191,css,521e2892,Chanyoung Park,2025-02-03,20:24:56,-08:00,2025-02-03T20:24:56-08:00,0,0
style.css,192,css,521e2892,Chanyoung Park,2025-02-03,20:24:56,-08:00,2025-02-03T20:24:56-08:00,0,0
style.css,193,css,521e2892,Chanyoung Park,2025-02-03,20:24:56,-08:00,2025-02-03T20:24:56-08:00,0,4
style.css,194,css,521e2892,Chanyoung Park,2025-02-03,20:24:56,-08:00,2025-02-03T20:24:56-08:00,0,15
style.css,195,css,521e2892,Chanyoung Park,2025-02-03,20:24:56,-08:00,2025-02-03T20:24:56-08:00,0,17
style.css,196,css,521e2892,Chanyoung Park,2025-02-03,20:24:56,-08:00,2025-02-03T20:24:56-08:00,0,0
style.css,197,css,521e2892,Chanyoung Park,2025-02-03,20:24:56,-08:00,2025-02-03T20:24:56-08:00,0,43
style.css,198,css,521e2892,Chanyoung Park,2025-02-03,20:24:56,-08:00,2025-02-03T20:24:56-08:00,0,17
style.css,199,css,71fa73d8,Chanyoung Park,2025-01-14,20:59:44,-08:00,2025-01-14T20:59:44-08:00,0,0
index.js,1,js,dbd80d6e,Chanyoung Park,2025-01-30,22:00:54,-08:00,2025-01-30T22:00:54-08:00,0,72
index.js,2,js,3e9fd43f,Chanyoung Park,2025-01-30,20:41:06,-08:00,2025-01-30T20:41:06-08:00,0,0
index.js,3,js,dbd80d6e,Chanyoung Park,2025-01-30,22:00:54,-08:00,2025-01-30T22:00:54-08:00,0,55
index.js,4,js,3e9fd43f,Chanyoung Park,2025-01-30,20:41:06,-08:00,2025-01-30T20:41:06-08:00,0,43
index.js,5,js,3e9fd43f,Chanyoung Park,2025-01-30,20:41:06,-08:00,2025-01-30T20:41:06-08:00,0,0
index.js,6,js,3e9fd43f,Chanyoung Park,2025-01-30,20:41:06,-08:00,2025-01-30T20:41:06-08:00,0,61
index.js,7,js,3e9fd43f,Chanyoung Park,2025-01-30,20:41:06,-08:00,2025-01-30T20:41:06-08:00,0,55
index.js,8,js,3e9fd43f,Chanyoung Park,2025-01-30,20:41:06,-08:00,2025-01-30T20:41:06-08:00,0,0
index.js,9,js,3e9fd43f,Chanyoung Park,2025-01-30,20:41:06,-08:00,2025-01-30T20:41:06-08:00,0,59
index.js,10,js,3e9fd43f,Chanyoung Park,2025-01-30,20:41:06,-08:00,2025-01-30T20:41:06-08:00,0,61
index.js,11,js,3e9fd43f,Chanyoung Park,2025-01-30,20:41:06,-08:00,2025-01-30T20:41:06-08:00,0,0
index.js,12,js,3e9fd43f,Chanyoung Park,2025-01-30,20:41:06,-08:00,2025-01-30T20:41:06-08:00,0,18
index.js,13,js,3e9fd43f,Chanyoung Park,2025-01-30,20:41:06,-08:00,2025-01-30T20:41:06-08:00,0,25
index.js,14,js,3e9fd43f,Chanyoung Park,2025-01-30,20:41:06,-08:00,2025-01-30T20:41:06-08:00,0,3
index.js,15,js,3e9fd43f,Chanyoung Park,2025-01-30,20:41:06,-08:00,2025-01-30T20:41:06-08:00,0,60
index.js,16,js,3a1913b3,Chanyoung Park,2025-02-06,18:57:10,-08:00,2025-02-06T18:57:10-08:00,0,55
index.js,17,js,3e9fd43f,Chanyoung Park,2025-01-30,20:41:06,-08:00,2025-01-30T20:41:06-08:00,0,49
index.js,18,js,3e9fd43f,Chanyoung Park,2025-01-30,20:41:06,-08:00,2025-01-30T20:41:06-08:00,0,49
index.js,19,js,3e9fd43f,Chanyoung Park,2025-01-30,20:41:06,-08:00,2025-01-30T20:41:06-08:00,0,4
index.js,20,js,3e9fd43f,Chanyoung Park,2025-01-30,20:41:06,-08:00,2025-01-30T20:41:06-08:00,0,1
index.js,21,js,3e9fd43f,Chanyoung Park,2025-01-30,20:41:06,-08:00,2025-01-30T20:41:06-08:00,0,0
index.html,1,html,7329467b,Chanyoung Park,2025-01-08,18:22:28,-08:00,2025-01-08T18:22:28-08:00,0,14
index.html,2,html,f927b111,Chanyoung Park,2025-01-22,22:56:05,-08:00,2025-01-22T22:56:05-08:00,0,28
index.html,3,html,7329467b,Chanyoung Park,2025-01-08,18:22:28,-08:00,2025-01-08T18:22:28-08:00,0,5
index.html,4,html,7329467b,Chanyoung Park,2025-01-08,18:22:28,-08:00,2025-01-08T18:22:28-08:00,0,21
index.html,5,html,7329467b,Chanyoung Park,2025-01-08,18:22:28,-08:00,2025-01-08T18:22:28-08:00,0,69
index.html,6,html,7329467b,Chanyoung Park,2025-01-08,18:22:28,-08:00,2025-01-08T18:22:28-08:00,0,57
index.html,7,html,326af6d7,Chanyoung Park,2025-01-08,20:35:48,-08:00,2025-01-08T20:35:48-08:00,0,39
index.html,8,html,7329467b,Chanyoung Park,2025-01-08,18:22:28,-08:00,2025-01-08T18:22:28-08:00,0,6
index.html,9,html,7329467b,Chanyoung Park,2025-01-08,18:22:28,-08:00,2025-01-08T18:22:28-08:00,0,5
index.html,10,html,7329467b,Chanyoung Park,2025-01-08,18:22:28,-08:00,2025-01-08T18:22:28-08:00,0,22
index.html,11,html,71fa73d8,Chanyoung Park,2025-01-14,20:59:44,-08:00,2025-01-14T20:59:44-08:00,0,96
index.html,12,html,71fa73d8,Chanyoung Park,2025-01-14,20:59:44,-08:00,2025-01-14T20:59:44-08:00,0,73
index.html,13,html,f927b111,Chanyoung Park,2025-01-22,22:56:05,-08:00,2025-01-22T22:56:05-08:00,0,0
index.html,14,html,3e9fd43f,Chanyoung Park,2025-01-30,20:41:06,-08:00,2025-01-30T20:41:06-08:00,0,20
index.html,15,html,3e9fd43f,Chanyoung Park,2025-01-30,20:41:06,-08:00,2025-01-30T20:41:06-08:00,0,29
index.html,16,html,3e9fd43f,Chanyoung Park,2025-01-30,20:41:06,-08:00,2025-01-30T20:41:06-08:00,0,0
index.html,17,html,3e9fd43f,Chanyoung Park,2025-01-30,20:41:06,-08:00,2025-01-30T20:41:06-08:00,0,23
index.html,18,html,3e9fd43f,Chanyoung Park,2025-01-30,20:41:06,-08:00,2025-01-30T20:41:06-08:00,0,27
index.html,19,html,3e9fd43f,Chanyoung Park,2025-01-30,20:41:06,-08:00,2025-01-30T20:41:06-08:00,0,0
index.html,20,html,18b23619,Chanyoung Park,2025-01-30,21:08:50,-08:00,2025-01-30T21:08:50-08:00,0,46
index.html,21,html,18b23619,Chanyoung Park,2025-01-30,21:08:50,-08:00,2025-01-30T21:08:50-08:00,0,51
index.html,22,html,7329467b,Chanyoung Park,2025-01-08,18:22:28,-08:00,2025-01-08T18:22:28-08:00,0,6
index.html,23,html,7329467b,Chanyoung Park,2025-01-08,18:22:28,-08:00,2025-01-08T18:22:28-08:00,0,6
global.js,1,js,3e9fd43f,Chanyoung Park,2025-01-30,20:41:06,-08:00,2025-01-30T20:41:06-08:00,0,16
global.js,2,js,f927b111,Chanyoung Park,2025-01-22,22:56:05,-08:00,2025-01-22T22:56:05-08:00,0,12
global.js,3,js,f927b111,Chanyoung Park,2025-01-22,22:56:05,-08:00,2025-01-22T22:56:05-08:00,0,34
global.js,4,js,f927b111,Chanyoung Park,2025-01-22,22:56:05,-08:00,2025-01-22T22:56:05-08:00,0,47
global.js,5,js,f927b111,Chanyoung Park,2025-01-22,22:56:05,-08:00,2025-01-22T22:56:05-08:00,0,45
global.js,6,js,f927b111,Chanyoung Park,2025-01-22,22:56:05,-08:00,2025-01-22T22:56:05-08:00,0,43
global.js,7,js,df82be98,Chanyoung Park,2025-02-09,16:11:28,-08:00,2025-02-09T16:11:28-08:00,0,39
global.js,8,js,f927b111,Chanyoung Park,2025-01-22,22:56:05,-08:00,2025-01-22T22:56:05-08:00,0,59
global.js,9,js,f927b111,Chanyoung Park,2025-01-22,22:56:05,-08:00,2025-01-22T22:56:05-08:00,0,1
global.js,10,js,f927b111,Chanyoung Park,2025-01-22,22:56:05,-08:00,2025-01-22T22:56:05-08:00,0,0
global.js,11,js,f927b111,Chanyoung Park,2025-01-22,22:56:05,-08:00,2025-01-22T22:56:05-08:00,0,39
global.js,12,js,f927b111,Chanyoung Park,2025-01-22,22:56:05,-08:00,2025-01-22T22:56:05-08:00,0,26
global.js,13,js,f927b111,Chanyoung Park,2025-01-22,22:56:05,-08:00,2025-01-22T22:56:05-08:00,0,71
global.js,14,js,f927b111,Chanyoung Park,2025-01-22,22:56:05,-08:00,2025-01-22T22:56:05-08:00,0,0
global.js,15,js,f927b111,Chanyoung Park,2025-01-22,22:56:05,-08:00,2025-01-22T22:56:05-08:00,0,21
global.js,16,js,f927b111,Chanyoung Park,2025-01-22,22:56:05,-08:00,2025-01-22T22:56:05-08:00,0,15
global.js,17,js,f927b111,Chanyoung Park,2025-01-22,22:56:05,-08:00,2025-01-22T22:56:05-08:00,0,65
global.js,18,js,f927b111,Chanyoung Park,2025-01-22,22:56:05,-08:00,2025-01-22T22:56:05-08:00,0,19
global.js,19,js,f927b111,Chanyoung Park,2025-01-22,22:56:05,-08:00,2025-01-22T22:56:05-08:00,0,0
global.js,20,js,f927b111,Chanyoung Park,2025-01-22,22:56:05,-08:00,2025-01-22T22:56:05-08:00,0,35
global.js,21,js,f927b111,Chanyoung Park,2025-01-22,22:56:05,-08:00,2025-01-22T22:56:05-08:00,0,12
global.js,22,js,f927b111,Chanyoung Park,2025-01-22,22:56:05,-08:00,2025-01-22T22:56:05-08:00,0,21
global.js,23,js,f927b111,Chanyoung Park,2025-01-22,22:56:05,-08:00,2025-01-22T22:56:05-08:00,0,13
global.js,24,js,f927b111,Chanyoung Park,2025-01-22,22:56:05,-08:00,2025-01-22T22:56:05-08:00,0,0
global.js,25,js,f927b111,Chanyoung Park,2025-01-22,22:56:05,-08:00,2025-01-22T22:56:05-08:00,0,66
global.js,26,js,f927b111,Chanyoung Park,2025-01-22,22:56:05,-08:00,2025-01-22T22:56:05-08:00,0,26
global.js,27,js,f927b111,Chanyoung Park,2025-01-22,22:56:05,-08:00,2025-01-22T22:56:05-08:00,0,0
global.js,28,js,f927b111,Chanyoung Park,2025-01-22,22:56:05,-08:00,2025-01-22T22:56:05-08:00,0,0
global.js,29,js,f927b111,Chanyoung Park,2025-01-22,22:56:05,-08:00,2025-01-22T22:56:05-08:00,0,30
global.js,30,js,f927b111,Chanyoung Park,2025-01-22,22:56:05,-08:00,2025-01-22T22:56:05-08:00,0,19
global.js,31,js,f927b111,Chanyoung Park,2025-01-22,22:56:05,-08:00,2025-01-22T22:56:05-08:00,0,0
global.js,32,js,f927b111,Chanyoung Park,2025-01-22,22:56:05,-08:00,2025-01-22T22:56:05-08:00,0,0
global.js,33,js,f927b111,Chanyoung Park,2025-01-22,22:56:05,-08:00,2025-01-22T22:56:05-08:00,0,0
global.js,34,js,3e9fd43f,Chanyoung Park,2025-01-30,20:41:06,-08:00,2025-01-30T20:41:06-08:00,0,0
global.js,35,js,3e9fd43f,Chanyoung Park,2025-01-30,20:41:06,-08:00,2025-01-30T20:41:06-08:00,0,37
global.js,36,js,f927b111,Chanyoung Park,2025-01-22,22:56:05,-08:00,2025-01-22T22:56:05-08:00,0,32
global.js,37,js,f927b111,Chanyoung Park,2025-01-22,22:56:05,-08:00,2025-01-22T22:56:05-08:00,0,12
global.js,38,js,f927b111,Chanyoung Park,2025-01-22,22:56:05,-08:00,2025-01-22T22:56:05-08:00,0,0
global.js,39,js,f927b111,Chanyoung Park,2025-01-22,22:56:05,-08:00,2025-01-22T22:56:05-08:00,0,27
global.js,40,js,f927b111,Chanyoung Park,2025-01-22,22:56:05,-08:00,2025-01-22T22:56:05-08:00,0,5
global.js,41,js,f927b111,Chanyoung Park,2025-01-22,22:56:05,-08:00,2025-01-22T22:56:05-08:00,0,7
global.js,42,js,f927b111,Chanyoung Park,2025-01-22,22:56:05,-08:00,2025-01-22T22:56:05-08:00,0,44
global.js,43,js,f927b111,Chanyoung Park,2025-01-22,22:56:05,-08:00,2025-01-22T22:56:05-08:00,0,35
global.js,44,js,f927b111,Chanyoung Park,2025-01-22,22:56:05,-08:00,2025-01-22T22:56:05-08:00,0,33
global.js,45,js,f927b111,Chanyoung Park,2025-01-22,22:56:05,-08:00,2025-01-22T22:56:05-08:00,0,8
global.js,46,js,f927b111,Chanyoung Park,2025-01-22,22:56:05,-08:00,2025-01-22T22:56:05-08:00,0,8
global.js,47,js,f927b111,Chanyoung Park,2025-01-22,22:56:05,-08:00,2025-01-22T22:56:05-08:00,0,1
global.js,48,js,f927b111,Chanyoung Park,2025-01-22,22:56:05,-08:00,2025-01-22T22:56:05-08:00,0,0
global.js,49,js,f927b111,Chanyoung Park,2025-01-22,22:56:05,-08:00,2025-01-22T22:56:05-08:00,0,44
global.js,50,js,f927b111,Chanyoung Park,2025-01-22,22:56:05,-08:00,2025-01-22T22:56:05-08:00,0,35
global.js,51,js,f927b111,Chanyoung Park,2025-01-22,22:56:05,-08:00,2025-01-22T22:56:05-08:00,0,38
global.js,52,js,f927b111,Chanyoung Park,2025-01-22,22:56:05,-08:00,2025-01-22T22:56:05-08:00,0,84
global.js,53,js,f927b111,Chanyoung Park,2025-01-22,22:56:05,-08:00,2025-01-22T22:56:05-08:00,0,0
global.js,54,js,f927b111,Chanyoung Park,2025-01-22,22:56:05,-08:00,2025-01-22T22:56:05-08:00,0,0
global.js,55,js,f927b111,Chanyoung Park,2025-01-22,22:56:05,-08:00,2025-01-22T22:56:05-08:00,0,50
global.js,56,js,f927b111,Chanyoung Park,2025-01-22,22:56:05,-08:00,2025-01-22T22:56:05-08:00,0,58
global.js,57,js,f927b111,Chanyoung Park,2025-01-22,22:56:05,-08:00,2025-01-22T22:56:05-08:00,0,78
global.js,58,js,f927b111,Chanyoung Park,2025-01-22,22:56:05,-08:00,2025-01-22T22:56:05-08:00,0,45
global.js,59,js,f927b111,Chanyoung Park,2025-01-22,22:56:05,-08:00,2025-01-22T22:56:05-08:00,0,2
global.js,60,js,f927b111,Chanyoung Park,2025-01-22,22:56:05,-08:00,2025-01-22T22:56:05-08:00,0,0
global.js,61,js,3e9fd43f,Chanyoung Park,2025-01-30,20:41:06,-08:00,2025-01-30T20:41:06-08:00,0,0
global.js,62,js,3e9fd43f,Chanyoung Park,2025-01-30,20:41:06,-08:00,2025-01-30T20:41:06-08:00,0,39
global.js,63,js,f927b111,Chanyoung Park,2025-01-22,22:56:05,-08:00,2025-01-22T22:56:05-08:00,0,40
global.js,64,js,f927b111,Chanyoung Park,2025-01-22,22:56:05,-08:00,2025-01-22T22:56:05-08:00,0,50
global.js,65,js,f927b111,Chanyoung Park,2025-01-22,22:56:05,-08:00,2025-01-22T22:56:05-08:00,0,22
global.js,66,js,f927b111,Chanyoung Park,2025-01-22,22:56:05,-08:00,2025-01-22T22:56:05-08:00,0,29
global.js,67,js,f927b111,Chanyoung Park,2025-01-22,22:56:05,-08:00,2025-01-22T22:56:05-08:00,0,26
global.js,68,js,f927b111,Chanyoung Park,2025-01-22,22:56:05,-08:00,2025-01-22T22:56:05-08:00,0,32
global.js,69,js,f927b111,Chanyoung Park,2025-01-22,22:56:05,-08:00,2025-01-22T22:56:05-08:00,0,66
global.js,70,js,f927b111,Chanyoung Park,2025-01-22,22:56:05,-08:00,2025-01-22T22:56:05-08:00,0,0
global.js,71,js,f927b111,Chanyoung Park,2025-01-22,22:56:05,-08:00,2025-01-22T22:56:05-08:00,0,19
global.js,72,js,3e9fd43f,Chanyoung Park,2025-01-30,20:41:06,-08:00,2025-01-30T20:41:06-08:00,0,2
global.js,73,js,3e9fd43f,Chanyoung Park,2025-01-30,20:41:06,-08:00,2025-01-30T20:41:06-08:00,0,0
global.js,74,js,3e9fd43f,Chanyoung Park,2025-01-30,20:41:06,-08:00,2025-01-30T20:41:06-08:00,0,0
global.js,75,js,3e9fd43f,Chanyoung Park,2025-01-30,20:41:06,-08:00,2025-01-30T20:41:06-08:00,0,20
global.js,76,js,3e9fd43f,Chanyoung Park,2025-01-30,20:41:06,-08:00,2025-01-30T20:41:06-08:00,0,37
global.js,77,js,3e9fd43f,Chanyoung Park,2025-01-30,20:41:06,-08:00,2025-01-30T20:41:06-08:00,0,4
global.js,78,js,3e9fd43f,Chanyoung Park,2025-01-30,20:41:06,-08:00,2025-01-30T20:41:06-08:00,0,40
global.js,79,js,3e9fd43f,Chanyoung Park,2025-01-30,20:41:06,-08:00,2025-01-30T20:41:06-08:00,0,33
global.js,80,js,3e9fd43f,Chanyoung Park,2025-01-30,20:41:06,-08:00,2025-01-30T20:41:06-08:00,0,18
global.js,81,js,3e9fd43f,Chanyoung Park,2025-01-30,20:41:06,-08:00,2025-01-30T20:41:06-08:00,0,67
global.js,82,js,3e9fd43f,Chanyoung Park,2025-01-30,20:41:06,-08:00,2025-01-30T20:41:06-08:00,0,0
global.js,83,js,3e9fd43f,Chanyoung Park,2025-01-30,20:41:06,-08:00,2025-01-30T20:41:06-08:00,0,34
global.js,84,js,3e9fd43f,Chanyoung Park,2025-01-30,20:41:06,-08:00,2025-01-30T20:41:06-08:00,0,11
global.js,85,js,3e9fd43f,Chanyoung Park,2025-01-30,20:41:06,-08:00,2025-01-30T20:41:06-08:00,0,0
global.js,86,js,3e9fd43f,Chanyoung Park,2025-01-30,20:41:06,-08:00,2025-01-30T20:41:06-08:00,0,14
global.js,87,js,3e9fd43f,Chanyoung Park,2025-01-30,20:41:06,-08:00,2025-01-30T20:41:06-08:00,0,60
global.js,88,js,3e9fd43f,Chanyoung Park,2025-01-30,20:41:06,-08:00,2025-01-30T20:41:06-08:00,0,0
global.js,89,js,3e9fd43f,Chanyoung Park,2025-01-30,20:41:06,-08:00,2025-01-30T20:41:06-08:00,0,0
global.js,90,js,3e9fd43f,Chanyoung Park,2025-01-30,20:41:06,-08:00,2025-01-30T20:41:06-08:00,0,0
global.js,91,js,3e9fd43f,Chanyoung Park,2025-01-30,20:41:06,-08:00,2025-01-30T20:41:06-08:00,0,0
global.js,92,js,3e9fd43f,Chanyoung Park,2025-01-30,20:41:06,-08:00,2025-01-30T20:41:06-08:00,0,17
global.js,93,js,3e9fd43f,Chanyoung Park,2025-01-30,20:41:06,-08:00,2025-01-30T20:41:06-08:00,0,80
global.js,94,js,3e9fd43f,Chanyoung Park,2025-01-30,20:41:06,-08:00,2025-01-30T20:41:06-08:00,0,48
global.js,95,js,3e9fd43f,Chanyoung Park,2025-01-30,20:41:06,-08:00,2025-01-30T20:41:06-08:00,0,61
global.js,96,js,3e9fd43f,Chanyoung Park,2025-01-30,20:41:06,-08:00,2025-01-30T20:41:06-08:00,0,6
global.js,97,js,3e9fd43f,Chanyoung Park,2025-01-30,20:41:06,-08:00,2025-01-30T20:41:06-08:00,0,0
global.js,98,js,3e9fd43f,Chanyoung Park,2025-01-30,20:41:06,-08:00,2025-01-30T20:41:06-08:00,0,0
global.js,99,js,3e9fd43f,Chanyoung Park,2025-01-30,20:41:06,-08:00,2025-01-30T20:41:06-08:00,0,51
global.js,100,js,3e9fd43f,Chanyoung Park,2025-01-30,20:41:06,-08:00,2025-01-30T20:41:06-08:00,0,39
global.js,101,js,3e9fd43f,Chanyoung Park,2025-01-30,20:41:06,-08:00,2025-01-30T20:41:06-08:00,0,53
global.js,102,js,3e9fd43f,Chanyoung Park,2025-01-30,20:41:06,-08:00,2025-01-30T20:41:06-08:00,0,19
global.js,103,js,3e9fd43f,Chanyoung Park,2025-01-30,20:41:06,-08:00,2025-01-30T20:41:06-08:00,0,0
global.js,104,js,3e9fd43f,Chanyoung Park,2025-01-30,20:41:06,-08:00,2025-01-30T20:41:06-08:00,0,0
global.js,105,js,3e9fd43f,Chanyoung Park,2025-01-30,20:41:06,-08:00,2025-01-30T20:41:06-08:00,0,31
global.js,106,js,3e9fd43f,Chanyoung Park,2025-01-30,20:41:06,-08:00,2025-01-30T20:41:06-08:00,0,0
global.js,107,js,3e9fd43f,Chanyoung Park,2025-01-30,20:41:06,-08:00,2025-01-30T20:41:06-08:00,0,30
global.js,108,js,3e9fd43f,Chanyoung Park,2025-01-30,20:41:06,-08:00,2025-01-30T20:41:06-08:00,0,49
global.js,109,js,3e9fd43f,Chanyoung Park,2025-01-30,20:41:06,-08:00,2025-01-30T20:41:06-08:00,0,91
global.js,110,js,3e9fd43f,Chanyoung Park,2025-01-30,20:41:06,-08:00,2025-01-30T20:41:06-08:00,0,0
global.js,111,js,3e9fd43f,Chanyoung Park,2025-01-30,20:41:06,-08:00,2025-01-30T20:41:06-08:00,0,20
global.js,112,js,640f4c3b,Chanyoung Park,2025-02-04,23:28:36,-08:00,2025-02-04T23:28:36-08:00,0,50
global.js,113,js,3e9fd43f,Chanyoung Park,2025-01-30,20:41:06,-08:00,2025-01-30T20:41:06-08:00,0,50
global.js,114,js,521e2892,Chanyoung Park,2025-02-03,20:24:56,-08:00,2025-02-03T20:24:56-08:00,0,46
global.js,115,js,3e9fd43f,Chanyoung Park,2025-01-30,20:41:06,-08:00,2025-01-30T20:41:06-08:00,0,1
global.js,116,js,3e9fd43f,Chanyoung Park,2025-01-30,20:41:06,-08:00,2025-01-30T20:41:06-08:00,0,37
global.js,117,js,3e9fd43f,Chanyoung Park,2025-01-30,20:41:06,-08:00,2025-01-30T20:41:06-08:00,0,0
global.js,118,js,3e9fd43f,Chanyoung Park,2025-01-30,20:41:06,-08:00,2025-01-30T20:41:06-08:00,0,0
global.js,119,js,3e9fd43f,Chanyoung Park,2025-01-30,20:41:06,-08:00,2025-01-30T20:41:06-08:00,0,0
global.js,120,js,3e9fd43f,Chanyoung Park,2025-01-30,20:41:06,-08:00,2025-01-30T20:41:06-08:00,0,0
global.js,121,js,3e9fd43f,Chanyoung Park,2025-01-30,20:41:06,-08:00,2025-01-30T20:41:06-08:00,0,19
global.js,122,js,3e9fd43f,Chanyoung Park,2025-01-30,20:41:06,-08:00,2025-01-30T20:41:06-08:00,0,48
global.js,123,js,3e9fd43f,Chanyoung Park,2025-01-30,20:41:06,-08:00,2025-01-30T20:41:06-08:00,0,60
global.js,124,js,3e9fd43f,Chanyoung Park,2025-01-30,20:41:06,-08:00,2025-01-30T20:41:06-08:00,0,0
resume/index.html,1,html,326af6d7,Chanyoung Park,2025-01-08,20:35:48,-08:00,2025-01-08T20:35:48-08:00,0,14
resume/index.html,2,html,326af6d7,Chanyoung Park,2025-01-08,20:35:48,-08:00,2025-01-08T20:35:48-08:00,0,15
resume/index.html,3,html,326af6d7,Chanyoung Park,2025-01-08,20:35:48,-08:00,2025-01-08T20:35:48-08:00,0,5
resume/index.html,4,html,326af6d7,Chanyoung Park,2025-01-08,20:35:48,-08:00,2025-01-08T20:35:48-08:00,0,21
resume/index.html,5,html,326af6d7,Chanyoung Park,2025-01-08,20:35:48,-08:00,2025-01-08T20:35:48-08:00,0,69
resume/index.html,6,html,326af6d7,Chanyoung Park,2025-01-08,20:35:48,-08:00,2025-01-08T20:35:48-08:00,0,25
resume/index.html,7,html,326af6d7,Chanyoung Park,2025-01-08,20:35:48,-08:00,2025-01-08T20:35:48-08:00,0,42
resume/index.html,8,html,326af6d7,Chanyoung Park,2025-01-08,20:35:48,-08:00,2025-01-08T20:35:48-08:00,0,6
resume/index.html,9,html,326af6d7,Chanyoung Park,2025-01-08,20:35:48,-08:00,2025-01-08T20:35:48-08:00,0,5
resume/index.html,10,html,326af6d7,Chanyoung Park,2025-01-08,20:35:48,-08:00,2025-01-08T20:35:48-08:00,0,14
resume/index.html,11,html,7cab4e68,Chanyoung Park,2025-01-14,18:42:09,-08:00,2025-01-14T18:42:09-08:00,0,19
resume/index.html,12,html,7cab4e68,Chanyoung Park,2025-01-14,18:42:09,-08:00,2025-01-14T18:42:09-08:00,0,17
resume/index.html,13,html,71fa73d8,Chanyoung Park,2025-01-14,20:59:44,-08:00,2025-01-14T20:59:44-08:00,0,23
resume/index.html,14,html,326af6d7,Chanyoung Park,2025-01-08,20:35:48,-08:00,2025-01-08T20:35:48-08:00,0,7
resume/index.html,15,html,7cab4e68,Chanyoung Park,2025-01-14,18:42:09,-08:00,2025-01-14T18:42:09-08:00,0,17
resume/index.html,16,html,326af6d7,Chanyoung Park,2025-01-08,20:35:48,-08:00,2025-01-08T20:35:48-08:00,0,8
resume/index.html,17,html,7cab4e68,Chanyoung Park,2025-01-14,18:42:09,-08:00,2025-01-14T18:42:09-08:00,0,8
resume/index.html,18,html,7cab4e68,Chanyoung Park,2025-01-14,18:42:09,-08:00,2025-01-14T18:42:09-08:00,0,7
resume/index.html,19,html,7cab4e68,Chanyoung Park,2025-01-14,18:42:09,-08:00,2025-01-14T18:42:09-08:00,0,43
resume/index.html,20,html,7cab4e68,Chanyoung Park,2025-01-14,18:42:09,-08:00,2025-01-14T18:42:09-08:00,0,8
resume/index.html,21,html,7cab4e68,Chanyoung Park,2025-01-14,18:42:09,-08:00,2025-01-14T18:42:09-08:00,0,58
resume/index.html,22,html,7cab4e68,Chanyoung Park,2025-01-14,18:42:09,-08:00,2025-01-14T18:42:09-08:00,0,32
resume/index.html,23,html,7cab4e68,Chanyoung Park,2025-01-14,18:42:09,-08:00,2025-01-14T18:42:09-08:00,0,3
resume/index.html,24,html,7cab4e68,Chanyoung Park,2025-01-14,18:42:09,-08:00,2025-01-14T18:42:09-08:00,0,237
resume/index.html,25,html,7cab4e68,Chanyoung Park,2025-01-14,18:42:09,-08:00,2025-01-14T18:42:09-08:00,0,4
resume/index.html,26,html,7cab4e68,Chanyoung Park,2025-01-14,18:42:09,-08:00,2025-01-14T18:42:09-08:00,0,9
resume/index.html,27,html,7cab4e68,Chanyoung Park,2025-01-14,18:42:09,-08:00,2025-01-14T18:42:09-08:00,0,9
resume/index.html,28,html,326af6d7,Chanyoung Park,2025-01-08,20:35:48,-08:00,2025-01-08T20:35:48-08:00,0,0
resume/index.html,29,html,7cab4e68,Chanyoung Park,2025-01-14,18:42:09,-08:00,2025-01-14T18:42:09-08:00,0,23
resume/index.html,30,html,71fa73d8,Chanyoung Park,2025-01-14,20:59:44,-08:00,2025-01-14T20:59:44-08:00,0,24
resume/index.html,31,html,326af6d7,Chanyoung Park,2025-01-08,20:35:48,-08:00,2025-01-08T20:35:48-08:00,0,7
resume/index.html,32,html,7cab4e68,Chanyoung Park,2025-01-14,18:42:09,-08:00,2025-01-14T18:42:09-08:00,0,23
resume/index.html,33,html,326af6d7,Chanyoung Park,2025-01-08,20:35:48,-08:00,2025-01-08T20:35:48-08:00,0,8
resume/index.html,34,html,7cab4e68,Chanyoung Park,2025-01-14,18:42:09,-08:00,2025-01-14T18:42:09-08:00,0,8
resume/index.html,35,html,7cab4e68,Chanyoung Park,2025-01-14,18:42:09,-08:00,2025-01-14T18:42:09-08:00,0,7
resume/index.html,36,html,7cab4e68,Chanyoung Park,2025-01-14,18:42:09,-08:00,2025-01-14T18:42:09-08:00,0,31
resume/index.html,37,html,7cab4e68,Chanyoung Park,2025-01-14,18:42:09,-08:00,2025-01-14T18:42:09-08:00,0,8
resume/index.html,38,html,7cab4e68,Chanyoung Park,2025-01-14,18:42:09,-08:00,2025-01-14T18:42:09-08:00,0,38
resume/index.html,39,html,7cab4e68,Chanyoung Park,2025-01-14,18:42:09,-08:00,2025-01-14T18:42:09-08:00,0,31
resume/index.html,40,html,7cab4e68,Chanyoung Park,2025-01-14,18:42:09,-08:00,2025-01-14T18:42:09-08:00,0,3
resume/index.html,41,html,7cab4e68,Chanyoung Park,2025-01-14,18:42:09,-08:00,2025-01-14T18:42:09-08:00,0,187
resume/index.html,42,html,7cab4e68,Chanyoung Park,2025-01-14,18:42:09,-08:00,2025-01-14T18:42:09-08:00,0,198
resume/index.html,43,html,7cab4e68,Chanyoung Park,2025-01-14,18:42:09,-08:00,2025-01-14T18:42:09-08:00,0,4
resume/index.html,44,html,7cab4e68,Chanyoung Park,2025-01-14,18:42:09,-08:00,2025-01-14T18:42:09-08:00,0,9
resume/index.html,45,html,7cab4e68,Chanyoung Park,2025-01-14,18:42:09,-08:00,2025-01-14T18:42:09-08:00,0,9
resume/index.html,46,html,326af6d7,Chanyoung Park,2025-01-08,20:35:48,-08:00,2025-01-08T20:35:48-08:00,0,0
resume/index.html,47,html,7cab4e68,Chanyoung Park,2025-01-14,18:42:09,-08:00,2025-01-14T18:42:09-08:00,0,16
resume/index.html,48,html,71fa73d8,Chanyoung Park,2025-01-14,20:59:44,-08:00,2025-01-14T20:59:44-08:00,0,22
resume/index.html,49,html,326af6d7,Chanyoung Park,2025-01-08,20:35:48,-08:00,2025-01-08T20:35:48-08:00,0,7
resume/index.html,50,html,7cab4e68,Chanyoung Park,2025-01-14,18:42:09,-08:00,2025-01-14T18:42:09-08:00,0,16
resume/index.html,51,html,326af6d7,Chanyoung Park,2025-01-08,20:35:48,-08:00,2025-01-08T20:35:48-08:00,0,8
resume/index.html,52,html,7cab4e68,Chanyoung Park,2025-01-14,18:42:09,-08:00,2025-01-14T18:42:09-08:00,0,8
resume/index.html,53,html,7cab4e68,Chanyoung Park,2025-01-14,18:42:09,-08:00,2025-01-14T18:42:09-08:00,0,7
resume/index.html,54,html,7cab4e68,Chanyoung Park,2025-01-14,18:42:09,-08:00,2025-01-14T18:42:09-08:00,0,36
resume/index.html,55,html,7cab4e68,Chanyoung Park,2025-01-14,18:42:09,-08:00,2025-01-14T18:42:09-08:00,0,50
resume/index.html,56,html,7cab4e68,Chanyoung Park,2025-01-14,18:42:09,-08:00,2025-01-14T18:42:09-08:00,0,8
resume/index.html,57,html,7cab4e68,Chanyoung Park,2025-01-14,18:42:09,-08:00,2025-01-14T18:42:09-08:00,0,33
resume/index.html,58,html,7cab4e68,Chanyoung Park,2025-01-14,18:42:09,-08:00,2025-01-14T18:42:09-08:00,0,3
resume/index.html,59,html,7cab4e68,Chanyoung Park,2025-01-14,18:42:09,-08:00,2025-01-14T18:42:09-08:00,0,123
resume/index.html,60,html,7cab4e68,Chanyoung Park,2025-01-14,18:42:09,-08:00,2025-01-14T18:42:09-08:00,0,248
resume/index.html,61,html,7cab4e68,Chanyoung Park,2025-01-14,18:42:09,-08:00,2025-01-14T18:42:09-08:00,0,4
resume/index.html,62,html,7cab4e68,Chanyoung Park,2025-01-14,18:42:09,-08:00,2025-01-14T18:42:09-08:00,0,9
resume/index.html,63,html,7cab4e68,Chanyoung Park,2025-01-14,18:42:09,-08:00,2025-01-14T18:42:09-08:00,0,8
resume/index.html,64,html,7cab4e68,Chanyoung Park,2025-01-14,18:42:09,-08:00,2025-01-14T18:42:09-08:00,0,7
resume/index.html,65,html,7cab4e68,Chanyoung Park,2025-01-14,18:42:09,-08:00,2025-01-14T18:42:09-08:00,0,54
resume/index.html,66,html,7cab4e68,Chanyoung Park,2025-01-14,18:42:09,-08:00,2025-01-14T18:42:09-08:00,0,56
resume/index.html,67,html,7cab4e68,Chanyoung Park,2025-01-14,18:42:09,-08:00,2025-01-14T18:42:09-08:00,0,8
resume/index.html,68,html,7cab4e68,Chanyoung Park,2025-01-14,18:42:09,-08:00,2025-01-14T18:42:09-08:00,0,21
resume/index.html,69,html,7cab4e68,Chanyoung Park,2025-01-14,18:42:09,-08:00,2025-01-14T18:42:09-08:00,0,3
resume/index.html,70,html,7cab4e68,Chanyoung Park,2025-01-14,18:42:09,-08:00,2025-01-14T18:42:09-08:00,0,114
resume/index.html,71,html,7cab4e68,Chanyoung Park,2025-01-14,18:42:09,-08:00,2025-01-14T18:42:09-08:00,0,97
resume/index.html,72,html,7cab4e68,Chanyoung Park,2025-01-14,18:42:09,-08:00,2025-01-14T18:42:09-08:00,0,4
resume/index.html,73,html,7cab4e68,Chanyoung Park,2025-01-14,18:42:09,-08:00,2025-01-14T18:42:09-08:00,0,9
resume/index.html,74,html,7cab4e68,Chanyoung Park,2025-01-14,18:42:09,-08:00,2025-01-14T18:42:09-08:00,0,8
resume/index.html,75,html,7cab4e68,Chanyoung Park,2025-01-14,18:42:09,-08:00,2025-01-14T18:42:09-08:00,0,7
resume/index.html,76,html,7cab4e68,Chanyoung Park,2025-01-14,18:42:09,-08:00,2025-01-14T18:42:09-08:00,0,31
resume/index.html,77,html,7cab4e68,Chanyoung Park,2025-01-14,18:42:09,-08:00,2025-01-14T18:42:09-08:00,0,70
resume/index.html,78,html,7cab4e68,Chanyoung Park,2025-01-14,18:42:09,-08:00,2025-01-14T18:42:09-08:00,0,8
resume/index.html,79,html,7cab4e68,Chanyoung Park,2025-01-14,18:42:09,-08:00,2025-01-14T18:42:09-08:00,0,31
resume/index.html,80,html,7cab4e68,Chanyoung Park,2025-01-14,18:42:09,-08:00,2025-01-14T18:42:09-08:00,0,3
resume/index.html,81,html,7cab4e68,Chanyoung Park,2025-01-14,18:42:09,-08:00,2025-01-14T18:42:09-08:00,0,116
resume/index.html,82,html,7cab4e68,Chanyoung Park,2025-01-14,18:42:09,-08:00,2025-01-14T18:42:09-08:00,0,132
resume/index.html,83,html,7cab4e68,Chanyoung Park,2025-01-14,18:42:09,-08:00,2025-01-14T18:42:09-08:00,0,4
resume/index.html,84,html,7cab4e68,Chanyoung Park,2025-01-14,18:42:09,-08:00,2025-01-14T18:42:09-08:00,0,9
resume/index.html,85,html,7cab4e68,Chanyoung Park,2025-01-14,18:42:09,-08:00,2025-01-14T18:42:09-08:00,0,8
resume/index.html,86,html,7cab4e68,Chanyoung Park,2025-01-14,18:42:09,-08:00,2025-01-14T18:42:09-08:00,0,7
resume/index.html,87,html,7cab4e68,Chanyoung Park,2025-01-14,18:42:09,-08:00,2025-01-14T18:42:09-08:00,0,24
resume/index.html,88,html,7cab4e68,Chanyoung Park,2025-01-14,18:42:09,-08:00,2025-01-14T18:42:09-08:00,0,35
resume/index.html,89,html,7cab4e68,Chanyoung Park,2025-01-14,18:42:09,-08:00,2025-01-14T18:42:09-08:00,0,8
resume/index.html,90,html,7cab4e68,Chanyoung Park,2025-01-14,18:42:09,-08:00,2025-01-14T18:42:09-08:00,0,32
resume/index.html,91,html,7cab4e68,Chanyoung Park,2025-01-14,18:42:09,-08:00,2025-01-14T18:42:09-08:00,0,3
resume/index.html,92,html,7cab4e68,Chanyoung Park,2025-01-14,18:42:09,-08:00,2025-01-14T18:42:09-08:00,0,114
resume/index.html,93,html,7cab4e68,Chanyoung Park,2025-01-14,18:42:09,-08:00,2025-01-14T18:42:09-08:00,0,4
resume/index.html,94,html,7cab4e68,Chanyoung Park,2025-01-14,18:42:09,-08:00,2025-01-14T18:42:09-08:00,0,9
resume/index.html,95,html,7cab4e68,Chanyoung Park,2025-01-14,18:42:09,-08:00,2025-01-14T18:42:09-08:00,0,9
resume/index.html,96,html,326af6d7,Chanyoung Park,2025-01-08,20:35:48,-08:00,2025-01-08T20:35:48-08:00,0,0
resume/index.html,97,html,7cab4e68,Chanyoung Park,2025-01-14,18:42:09,-08:00,2025-01-14T18:42:09-08:00,0,33
resume/index.html,98,html,71fa73d8,Chanyoung Park,2025-01-14,20:59:44,-08:00,2025-01-14T20:59:44-08:00,0,24
resume/index.html,99,html,326af6d7,Chanyoung Park,2025-01-08,20:35:48,-08:00,2025-01-08T20:35:48-08:00,0,7
resume/index.html,100,html,7cab4e68,Chanyoung Park,2025-01-14,18:42:09,-08:00,2025-01-14T18:42:09-08:00,0,33
resume/index.html,101,html,326af6d7,Chanyoung Park,2025-01-08,20:35:48,-08:00,2025-01-08T20:35:48-08:00,0,8
resume/index.html,102,html,7cab4e68,Chanyoung Park,2025-01-14,18:42:09,-08:00,2025-01-14T18:42:09-08:00,0,8
resume/index.html,103,html,7cab4e68,Chanyoung Park,2025-01-14,18:42:09,-08:00,2025-01-14T18:42:09-08:00,0,7
resume/index.html,104,html,7cab4e68,Chanyoung Park,2025-01-14,18:42:09,-08:00,2025-01-14T18:42:09-08:00,0,64
resume/index.html,105,html,7cab4e68,Chanyoung Park,2025-01-14,18:42:09,-08:00,2025-01-14T18:42:09-08:00,0,8
resume/index.html,106,html,7cab4e68,Chanyoung Park,2025-01-14,18:42:09,-08:00,2025-01-14T18:42:09-08:00,0,32
resume/index.html,107,html,7cab4e68,Chanyoung Park,2025-01-14,18:42:09,-08:00,2025-01-14T18:42:09-08:00,0,3
resume/index.html,108,html,7cab4e68,Chanyoung Park,2025-01-14,18:42:09,-08:00,2025-01-14T18:42:09-08:00,0,117
resume/index.html,109,html,7cab4e68,Chanyoung Park,2025-01-14,18:42:09,-08:00,2025-01-14T18:42:09-08:00,0,115
resume/index.html,110,html,7cab4e68,Chanyoung Park,2025-01-14,18:42:09,-08:00,2025-01-14T18:42:09-08:00,0,4
resume/index.html,111,html,7cab4e68,Chanyoung Park,2025-01-14,18:42:09,-08:00,2025-01-14T18:42:09-08:00,0,9
resume/index.html,112,html,7cab4e68,Chanyoung Park,2025-01-14,18:42:09,-08:00,2025-01-14T18:42:09-08:00,0,9
resume/index.html,113,html,326af6d7,Chanyoung Park,2025-01-08,20:35:48,-08:00,2025-01-08T20:35:48-08:00,0,0
resume/index.html,114,html,7cab4e68,Chanyoung Park,2025-01-14,18:42:09,-08:00,2025-01-14T18:42:09-08:00,0,20
resume/index.html,115,html,71fa73d8,Chanyoung Park,2025-01-14,20:59:44,-08:00,2025-01-14T20:59:44-08:00,0,25
resume/index.html,116,html,326af6d7,Chanyoung Park,2025-01-08,20:35:48,-08:00,2025-01-08T20:35:48-08:00,0,7
resume/index.html,117,html,7cab4e68,Chanyoung Park,2025-01-14,18:42:09,-08:00,2025-01-14T18:42:09-08:00,0,20
resume/index.html,118,html,326af6d7,Chanyoung Park,2025-01-08,20:35:48,-08:00,2025-01-08T20:35:48-08:00,0,8
resume/index.html,119,html,7cab4e68,Chanyoung Park,2025-01-14,18:42:09,-08:00,2025-01-14T18:42:09-08:00,0,8
resume/index.html,120,html,7cab4e68,Chanyoung Park,2025-01-14,18:42:09,-08:00,2025-01-14T18:42:09-08:00,0,7
resume/index.html,121,html,7cab4e68,Chanyoung Park,2025-01-14,18:42:09,-08:00,2025-01-14T18:42:09-08:00,0,49
resume/index.html,122,html,7cab4e68,Chanyoung Park,2025-01-14,18:42:09,-08:00,2025-01-14T18:42:09-08:00,0,8
resume/index.html,123,html,7cab4e68,Chanyoung Park,2025-01-14,18:42:09,-08:00,2025-01-14T18:42:09-08:00,0,28
resume/index.html,124,html,7cab4e68,Chanyoung Park,2025-01-14,18:42:09,-08:00,2025-01-14T18:42:09-08:00,0,3
resume/index.html,125,html,7cab4e68,Chanyoung Park,2025-01-14,18:42:09,-08:00,2025-01-14T18:42:09-08:00,0,115
resume/index.html,126,html,7cab4e68,Chanyoung Park,2025-01-14,18:42:09,-08:00,2025-01-14T18:42:09-08:00,0,121
resume/index.html,127,html,7cab4e68,Chanyoung Park,2025-01-14,18:42:09,-08:00,2025-01-14T18:42:09-08:00,0,4
resume/index.html,128,html,7cab4e68,Chanyoung Park,2025-01-14,18:42:09,-08:00,2025-01-14T18:42:09-08:00,0,9
resume/index.html,129,html,7cab4e68,Chanyoung Park,2025-01-14,18:42:09,-08:00,2025-01-14T18:42:09-08:00,0,8
resume/index.html,130,html,7cab4e68,Chanyoung Park,2025-01-14,18:42:09,-08:00,2025-01-14T18:42:09-08:00,0,7
resume/index.html,131,html,7cab4e68,Chanyoung Park,2025-01-14,18:42:09,-08:00,2025-01-14T18:42:09-08:00,0,41
resume/index.html,132,html,7cab4e68,Chanyoung Park,2025-01-14,18:42:09,-08:00,2025-01-14T18:42:09-08:00,0,8
resume/index.html,133,html,7cab4e68,Chanyoung Park,2025-01-14,18:42:09,-08:00,2025-01-14T18:42:09-08:00,0,28
resume/index.html,134,html,7cab4e68,Chanyoung Park,2025-01-14,18:42:09,-08:00,2025-01-14T18:42:09-08:00,0,3
resume/index.html,135,html,7cab4e68,Chanyoung Park,2025-01-14,18:42:09,-08:00,2025-01-14T18:42:09-08:00,0,122
resume/index.html,136,html,7cab4e68,Chanyoung Park,2025-01-14,18:42:09,-08:00,2025-01-14T18:42:09-08:00,0,118
resume/index.html,137,html,7cab4e68,Chanyoung Park,2025-01-14,18:42:09,-08:00,2025-01-14T18:42:09-08:00,0,4
resume/index.html,138,html,7cab4e68,Chanyoung Park,2025-01-14,18:42:09,-08:00,2025-01-14T18:42:09-08:00,0,9
resume/index.html,139,html,7cab4e68,Chanyoung Park,2025-01-14,18:42:09,-08:00,2025-01-14T18:42:09-08:00,0,9
resume/index.html,140,html,7cab4e68,Chanyoung Park,2025-01-14,18:42:09,-08:00,2025-01-14T18:42:09-08:00,0,0
resume/index.html,141,html,7cab4e68,Chanyoung Park,2025-01-14,18:42:09,-08:00,2025-01-14T18:42:09-08:00,0,24
resume/index.html,142,html,7cab4e68,Chanyoung Park,2025-01-14,18:42:09,-08:00,2025-01-14T18:42:09-08:00,0,8
resume/index.html,143,html,326af6d7,Chanyoung Park,2025-01-08,20:35:48,-08:00,2025-01-08T20:35:48-08:00,0,7
resume/index.html,144,html,7cab4e68,Chanyoung Park,2025-01-14,18:42:09,-08:00,2025-01-14T18:42:09-08:00,0,24
resume/index.html,145,html,326af6d7,Chanyoung Park,2025-01-08,20:35:48,-08:00,2025-01-08T20:35:48-08:00,0,8
resume/index.html,146,html,326af6d7,Chanyoung Park,2025-01-08,20:35:48,-08:00,2025-01-08T20:35:48-08:00,0,3
resume/index.html,147,html,7cab4e68,Chanyoung Park,2025-01-14,18:42:09,-08:00,2025-01-14T18:42:09-08:00,0,66
resume/index.html,148,html,7cab4e68,Chanyoung Park,2025-01-14,18:42:09,-08:00,2025-01-14T18:42:09-08:00,0,93
resume/index.html,149,html,7cab4e68,Chanyoung Park,2025-01-14,18:42:09,-08:00,2025-01-14T18:42:09-08:00,0,96
resume/index.html,150,html,326af6d7,Chanyoung Park,2025-01-08,20:35:48,-08:00,2025-01-08T20:35:48-08:00,0,4
resume/index.html,151,html,7cab4e68,Chanyoung Park,2025-01-14,18:42:09,-08:00,2025-01-14T18:42:09-08:00,0,9
resume/index.html,152,html,7cab4e68,Chanyoung Park,2025-01-14,18:42:09,-08:00,2025-01-14T18:42:09-08:00,0,5
resume/index.html,153,html,f927b111,Chanyoung Park,2025-01-22,22:56:05,-08:00,2025-01-22T22:56:05-08:00,0,0
resume/index.html,154,html,f927b111,Chanyoung Park,2025-01-22,22:56:05,-08:00,2025-01-22T22:56:05-08:00,0,49
resume/index.html,155,html,326af6d7,Chanyoung Park,2025-01-08,20:35:48,-08:00,2025-01-08T20:35:48-08:00,0,6
resume/index.html,156,html,326af6d7,Chanyoung Park,2025-01-08,20:35:48,-08:00,2025-01-08T20:35:48-08:00,0,6
projects/projects.js,1,js,3e9fd43f,Chanyoung Park,2025-01-30,20:41:06,-08:00,2025-01-30T20:41:06-08:00,0,56
projects/projects.js,2,js,521e2892,Chanyoung Park,2025-02-03,20:24:56,-08:00,2025-02-03T20:24:56-08:00,0,60
projects/projects.js,3,js,3e9fd43f,Chanyoung Park,2025-01-30,20:41:06,-08:00,2025-01-30T20:41:06-08:00,0,0
projects/projects.js,4,js,3e9fd43f,Chanyoung Park,2025-01-30,20:41:06,-08:00,2025-01-30T20:41:06-08:00,0,31
projects/projects.js,5,js,3e9fd43f,Chanyoung Park,2025-01-30,20:41:06,-08:00,2025-01-30T20:41:06-08:00,0,56
projects/projects.js,6,js,3e9fd43f,Chanyoung Park,2025-01-30,20:41:06,-08:00,2025-01-30T20:41:06-08:00,0,61
projects/projects.js,7,js,3e9fd43f,Chanyoung Park,2025-01-30,20:41:06,-08:00,2025-01-30T20:41:06-08:00,0,0
projects/projects.js,8,js,3e9fd43f,Chanyoung Park,2025-01-30,20:41:06,-08:00,2025-01-30T20:41:06-08:00,0,49
projects/projects.js,9,js,3e9fd43f,Chanyoung Park,2025-01-30,20:41:06,-08:00,2025-01-30T20:41:06-08:00,0,0
projects/projects.js,10,js,3e9fd43f,Chanyoung Park,2025-01-30,20:41:06,-08:00,2025-01-30T20:41:06-08:00,0,28
projects/projects.js,11,js,3e9fd43f,Chanyoung Park,2025-01-30,20:41:06,-08:00,2025-01-30T20:41:06-08:00,0,63
projects/projects.js,12,js,3e9fd43f,Chanyoung Park,2025-01-30,20:41:06,-08:00,2025-01-30T20:41:06-08:00,0,48
projects/projects.js,13,js,521e2892,Chanyoung Park,2025-02-03,20:24:56,-08:00,2025-02-03T20:24:56-08:00,0,49
projects/projects.js,14,js,521e2892,Chanyoung Park,2025-02-03,20:24:56,-08:00,2025-02-03T20:24:56-08:00,0,0
projects/projects.js,15,js,c0f0adbc,Chanyoung Park,2025-02-04,23:02:30,-08:00,2025-02-04T23:02:30-08:00,0,19
projects/projects.js,16,js,c0f0adbc,Chanyoung Park,2025-02-04,23:02:30,-08:00,2025-02-04T23:02:30-08:00,0,39
projects/projects.js,17,js,c0f0adbc,Chanyoung Park,2025-02-04,23:02:30,-08:00,2025-02-04T23:02:30-08:00,0,30
projects/projects.js,18,js,c0f0adbc,Chanyoung Park,2025-02-04,23:02:30,-08:00,2025-02-04T23:02:30-08:00,0,13
projects/projects.js,19,js,c0f0adbc,Chanyoung Park,2025-02-04,23:02:30,-08:00,2025-02-04T23:02:30-08:00,0,15
projects/projects.js,20,js,c0f0adbc,Chanyoung Park,2025-02-04,23:02:30,-08:00,2025-02-04T23:02:30-08:00,0,13
projects/projects.js,21,js,c0f0adbc,Chanyoung Park,2025-02-04,23:02:30,-08:00,2025-02-04T23:02:30-08:00,0,1
projects/projects.js,22,js,c0f0adbc,Chanyoung Park,2025-02-04,23:02:30,-08:00,2025-02-04T23:02:30-08:00,0,51
projects/projects.js,23,js,c0f0adbc,Chanyoung Park,2025-02-04,23:02:30,-08:00,2025-02-04T23:02:30-08:00,0,36
projects/projects.js,24,js,c0f0adbc,Chanyoung Park,2025-02-04,23:02:30,-08:00,2025-02-04T23:02:30-08:00,0,2
projects/projects.js,25,js,c0f0adbc,Chanyoung Park,2025-02-04,23:02:30,-08:00,2025-02-04T23:02:30-08:00,0,58
projects/projects.js,26,js,c0f0adbc,Chanyoung Park,2025-02-04,23:02:30,-08:00,2025-02-04T23:02:30-08:00,0,48
projects/projects.js,27,js,c0f0adbc,Chanyoung Park,2025-02-04,23:02:30,-08:00,2025-02-04T23:02:30-08:00,0,54
projects/projects.js,28,js,c0f0adbc,Chanyoung Park,2025-02-04,23:02:30,-08:00,2025-02-04T23:02:30-08:00,0,43
projects/projects.js,29,js,c0f0adbc,Chanyoung Park,2025-02-04,23:02:30,-08:00,2025-02-04T23:02:30-08:00,0,52
projects/projects.js,30,js,521e2892,Chanyoung Park,2025-02-03,20:24:56,-08:00,2025-02-03T20:24:56-08:00,0,0
projects/projects.js,31,js,bacaa136,Chanyoung Park,2025-02-06,13:30:23,-08:00,2025-02-06T13:30:23-08:00,0,22
projects/projects.js,32,js,c0f0adbc,Chanyoung Park,2025-02-04,23:02:30,-08:00,2025-02-04T23:02:30-08:00,0,29
projects/projects.js,33,js,c0f0adbc,Chanyoung Park,2025-02-04,23:02:30,-08:00,2025-02-04T23:02:30-08:00,0,33
projects/projects.js,34,js,c0f0adbc,Chanyoung Park,2025-02-04,23:02:30,-08:00,2025-02-04T23:02:30-08:00,0,0
projects/projects.js,35,js,c0f0adbc,Chanyoung Park,2025-02-04,23:02:30,-08:00,2025-02-04T23:02:30-08:00,0,30
projects/projects.js,36,js,c0f0adbc,Chanyoung Park,2025-02-04,23:02:30,-08:00,2025-02-04T23:02:30-08:00,0,5
projects/projects.js,37,js,521e2892,Chanyoung Park,2025-02-03,20:24:56,-08:00,2025-02-03T20:24:56-08:00,0,14
projects/projects.js,38,js,521e2892,Chanyoung Park,2025-02-03,20:24:56,-08:00,2025-02-03T20:24:56-08:00,0,14
projects/projects.js,39,js,521e2892,Chanyoung Park,2025-02-03,20:24:56,-08:00,2025-02-03T20:24:56-08:00,0,25
projects/projects.js,40,js,bacaa136,Chanyoung Park,2025-02-06,13:30:23,-08:00,2025-02-06T13:30:23-08:00,0,19
projects/projects.js,41,js,bacaa136,Chanyoung Park,2025-02-06,13:30:23,-08:00,2025-02-06T13:30:23-08:00,0,48
projects/projects.js,42,js,bacaa136,Chanyoung Park,2025-02-06,13:30:23,-08:00,2025-02-06T13:30:23-08:00,0,0
projects/projects.js,43,js,bacaa136,Chanyoung Park,2025-02-06,13:30:23,-08:00,2025-02-06T13:30:23-08:00,0,5
projects/projects.js,44,js,bacaa136,Chanyoung Park,2025-02-06,13:30:23,-08:00,2025-02-06T13:30:23-08:00,0,17
projects/projects.js,45,js,bacaa136,Chanyoung Park,2025-02-06,13:30:23,-08:00,2025-02-06T13:30:23-08:00,0,27
projects/projects.js,46,js,bacaa136,Chanyoung Park,2025-02-06,13:30:23,-08:00,2025-02-06T13:30:23-08:00,0,38
projects/projects.js,47,js,bacaa136,Chanyoung Park,2025-02-06,13:30:23,-08:00,2025-02-06T13:30:23-08:00,0,2
projects/projects.js,48,js,bacaa136,Chanyoung Park,2025-02-06,13:30:23,-08:00,2025-02-06T13:30:23-08:00,0,0
projects/projects.js,49,js,bacaa136,Chanyoung Park,2025-02-06,13:30:23,-08:00,2025-02-06T13:30:23-08:00,0,5
projects/projects.js,50,js,bacaa136,Chanyoung Park,2025-02-06,13:30:23,-08:00,2025-02-06T13:30:23-08:00,0,15
projects/projects.js,51,js,bacaa136,Chanyoung Park,2025-02-06,13:30:23,-08:00,2025-02-06T13:30:23-08:00,0,27
projects/projects.js,52,js,bacaa136,Chanyoung Park,2025-02-06,13:30:23,-08:00,2025-02-06T13:30:23-08:00,0,38
projects/projects.js,53,js,bacaa136,Chanyoung Park,2025-02-06,13:30:23,-08:00,2025-02-06T13:30:23-08:00,0,2
projects/projects.js,54,js,bacaa136,Chanyoung Park,2025-02-06,13:30:23,-08:00,2025-02-06T13:30:23-08:00,0,0
projects/projects.js,55,js,bacaa136,Chanyoung Park,2025-02-06,13:30:23,-08:00,2025-02-06T13:30:23-08:00,0,26
projects/projects.js,56,js,bacaa136,Chanyoung Park,2025-02-06,13:30:23,-08:00,2025-02-06T13:30:23-08:00,0,49
projects/projects.js,57,js,bacaa136,Chanyoung Park,2025-02-06,13:30:23,-08:00,2025-02-06T13:30:23-08:00,0,7
projects/projects.js,58,js,bacaa136,Chanyoung Park,2025-02-06,13:30:23,-08:00,2025-02-06T13:30:23-08:00,0,47
projects/projects.js,59,js,3a1913b3,Chanyoung Park,2025-02-06,18:57:10,-08:00,2025-02-06T18:57:10-08:00,0,55
projects/projects.js,60,js,3a1913b3,Chanyoung Park,2025-02-06,18:57:10,-08:00,2025-02-06T18:57:10-08:00,0,30
projects/projects.js,61,js,bacaa136,Chanyoung Park,2025-02-06,13:30:23,-08:00,2025-02-06T13:30:23-08:00,0,57
projects/projects.js,62,js,bacaa136,Chanyoung Park,2025-02-06,13:30:23,-08:00,2025-02-06T13:30:23-08:00,0,0
projects/projects.js,63,js,bacaa136,Chanyoung Park,2025-02-06,13:30:23,-08:00,2025-02-06T13:30:23-08:00,0,2
projects/projects.js,64,js,c0f0adbc,Chanyoung Park,2025-02-04,23:02:30,-08:00,2025-02-04T23:02:30-08:00,0,1
projects/projects.js,65,js,c0f0adbc,Chanyoung Park,2025-02-04,23:02:30,-08:00,2025-02-04T23:02:30-08:00,0,0
projects/projects.js,66,js,c0f0adbc,Chanyoung Park,2025-02-04,23:02:30,-08:00,2025-02-04T23:02:30-08:00,0,33
projects/projects.js,67,js,c0f0adbc,Chanyoung Park,2025-02-04,23:02:30,-08:00,2025-02-04T23:02:30-08:00,0,31
projects/projects.js,68,js,c0f0adbc,Chanyoung Park,2025-02-04,23:02:30,-08:00,2025-02-04T23:02:30-08:00,0,28
projects/projects.js,69,js,c0f0adbc,Chanyoung Park,2025-02-04,23:02:30,-08:00,2025-02-04T23:02:30-08:00,0,18
projects/projects.js,70,js,c0f0adbc,Chanyoung Park,2025-02-04,23:02:30,-08:00,2025-02-04T23:02:30-08:00,0,39
projects/projects.js,71,js,c0f0adbc,Chanyoung Park,2025-02-04,23:02:30,-08:00,2025-02-04T23:02:30-08:00,0,70
projects/projects.js,72,js,c0f0adbc,Chanyoung Park,2025-02-04,23:02:30,-08:00,2025-02-04T23:02:30-08:00,0,1
projects/projects.js,73,js,c0f0adbc,Chanyoung Park,2025-02-04,23:02:30,-08:00,2025-02-04T23:02:30-08:00,0,0
projects/projects.js,74,js,bacaa136,Chanyoung Park,2025-02-06,13:30:23,-08:00,2025-02-06T13:30:23-08:00,0,0
projects/projects.js,75,js,c0f0adbc,Chanyoung Park,2025-02-04,23:02:30,-08:00,2025-02-04T23:02:30-08:00,0,32
projects/projects.js,76,js,c0f0adbc,Chanyoung Park,2025-02-04,23:02:30,-08:00,2025-02-04T23:02:30-08:00,0,30
projects/projects.js,77,js,c0f0adbc,Chanyoung Park,2025-02-04,23:02:30,-08:00,2025-02-04T23:02:30-08:00,0,7
projects/projects.js,78,js,c0f0adbc,Chanyoung Park,2025-02-04,23:02:30,-08:00,2025-02-04T23:02:30-08:00,0,40
projects/projects.js,79,js,c0f0adbc,Chanyoung Park,2025-02-04,23:02:30,-08:00,2025-02-04T23:02:30-08:00,0,0
projects/projects.js,80,js,c0f0adbc,Chanyoung Park,2025-02-04,23:02:30,-08:00,2025-02-04T23:02:30-08:00,0,0
projects/projects.js,81,js,c0f0adbc,Chanyoung Park,2025-02-04,23:02:30,-08:00,2025-02-04T23:02:30-08:00,0,0
projects/projects.js,82,js,c0f0adbc,Chanyoung Park,2025-02-04,23:02:30,-08:00,2025-02-04T23:02:30-08:00,0,33
projects/projects.js,83,js,c0f0adbc,Chanyoung Park,2025-02-04,23:02:30,-08:00,2025-02-04T23:02:30-08:00,0,24
projects/projects.js,84,js,c0f0adbc,Chanyoung Park,2025-02-04,23:02:30,-08:00,2025-02-04T23:02:30-08:00,0,0
projects/projects.js,85,js,c0f0adbc,Chanyoung Park,2025-02-04,23:02:30,-08:00,2025-02-04T23:02:30-08:00,0,14
projects/projects.js,86,js,c0f0adbc,Chanyoung Park,2025-02-04,23:02:30,-08:00,2025-02-04T23:02:30-08:00,0,14
projects/projects.js,87,js,c0f0adbc,Chanyoung Park,2025-02-04,23:02:30,-08:00,2025-02-04T23:02:30-08:00,0,54
projects/projects.js,88,js,c0f0adbc,Chanyoung Park,2025-02-04,23:02:30,-08:00,2025-02-04T23:02:30-08:00,0,49
projects/projects.js,89,js,c0f0adbc,Chanyoung Park,2025-02-04,23:02:30,-08:00,2025-02-04T23:02:30-08:00,0,26
projects/projects.js,90,js,c0f0adbc,Chanyoung Park,2025-02-04,23:02:30,-08:00,2025-02-04T23:02:30-08:00,0,52
projects/projects.js,91,js,c0f0adbc,Chanyoung Park,2025-02-04,23:02:30,-08:00,2025-02-04T23:02:30-08:00,0,60
projects/projects.js,92,js,c0f0adbc,Chanyoung Park,2025-02-04,23:02:30,-08:00,2025-02-04T23:02:30-08:00,0,43
projects/projects.js,93,js,c0f0adbc,Chanyoung Park,2025-02-04,23:02:30,-08:00,2025-02-04T23:02:30-08:00,0,2
projects/projects.js,94,js,c0f0adbc,Chanyoung Park,2025-02-04,23:02:30,-08:00,2025-02-04T23:02:30-08:00,0,57
projects/projects.js,95,js,c0f0adbc,Chanyoung Park,2025-02-04,23:02:30,-08:00,2025-02-04T23:02:30-08:00,0,32
projects/projects.js,96,js,c0f0adbc,Chanyoung Park,2025-02-04,23:02:30,-08:00,2025-02-04T23:02:30-08:00,0,2
projects/index.html,1,html,326af6d7,Chanyoung Park,2025-01-08,20:35:48,-08:00,2025-01-08T20:35:48-08:00,0,14
projects/index.html,2,html,326af6d7,Chanyoung Park,2025-01-08,20:35:48,-08:00,2025-01-08T20:35:48-08:00,0,15
projects/index.html,3,html,326af6d7,Chanyoung Park,2025-01-08,20:35:48,-08:00,2025-01-08T20:35:48-08:00,0,5
projects/index.html,4,html,326af6d7,Chanyoung Park,2025-01-08,20:35:48,-08:00,2025-01-08T20:35:48-08:00,0,21
projects/index.html,5,html,326af6d7,Chanyoung Park,2025-01-08,20:35:48,-08:00,2025-01-08T20:35:48-08:00,0,69
projects/index.html,6,html,326af6d7,Chanyoung Park,2025-01-08,20:35:48,-08:00,2025-01-08T20:35:48-08:00,0,27
projects/index.html,7,html,326af6d7,Chanyoung Park,2025-01-08,20:35:48,-08:00,2025-01-08T20:35:48-08:00,0,42
projects/index.html,8,html,326af6d7,Chanyoung Park,2025-01-08,20:35:48,-08:00,2025-01-08T20:35:48-08:00,0,6
projects/index.html,9,html,326af6d7,Chanyoung Park,2025-01-08,20:35:48,-08:00,2025-01-08T20:35:48-08:00,0,5
projects/index.html,10,html,3e9fd43f,Chanyoung Park,2025-01-30,20:41:06,-08:00,2025-01-30T20:41:06-08:00,0,27
projects/index.html,11,html,3e9fd43f,Chanyoung Park,2025-01-30,20:41:06,-08:00,2025-01-30T20:41:06-08:00,0,16
projects/index.html,12,html,3e9fd43f,Chanyoung Park,2025-01-30,20:41:06,-08:00,2025-01-30T20:41:06-08:00,0,5
projects/index.html,13,html,521e2892,Chanyoung Park,2025-02-03,20:24:56,-08:00,2025-02-03T20:24:56-08:00,0,0
projects/index.html,14,html,c0f0adbc,Chanyoung Park,2025-02-04,23:02:30,-08:00,2025-02-04T23:02:30-08:00,0,22
projects/index.html,15,html,c0f0adbc,Chanyoung Park,2025-02-04,23:02:30,-08:00,2025-02-04T23:02:30-08:00,0,36
projects/index.html,16,html,c0f0adbc,Chanyoung Park,2025-02-04,23:02:30,-08:00,2025-02-04T23:02:30-08:00,0,23
projects/index.html,17,html,c0f0adbc,Chanyoung Park,2025-02-04,23:02:30,-08:00,2025-02-04T23:02:30-08:00,0,5
projects/index.html,18,html,c0f0adbc,Chanyoung Park,2025-02-04,23:02:30,-08:00,2025-02-04T23:02:30-08:00,0,0
projects/index.html,19,html,c0f0adbc,Chanyoung Park,2025-02-04,23:02:30,-08:00,2025-02-04T23:02:30-08:00,0,5
projects/index.html,20,html,c0f0adbc,Chanyoung Park,2025-02-04,23:02:30,-08:00,2025-02-04T23:02:30-08:00,0,16
projects/index.html,21,html,c0f0adbc,Chanyoung Park,2025-02-04,23:02:30,-08:00,2025-02-04T23:02:30-08:00,0,12
projects/index.html,22,html,c0f0adbc,Chanyoung Park,2025-02-04,23:02:30,-08:00,2025-02-04T23:02:30-08:00,0,27
projects/index.html,23,html,c0f0adbc,Chanyoung Park,2025-02-04,23:02:30,-08:00,2025-02-04T23:02:30-08:00,0,32
projects/index.html,24,html,c0f0adbc,Chanyoung Park,2025-02-04,23:02:30,-08:00,2025-02-04T23:02:30-08:00,0,1
projects/index.html,25,html,521e2892,Chanyoung Park,2025-02-03,20:24:56,-08:00,2025-02-03T20:24:56-08:00,0,0
projects/index.html,26,html,7cab4e68,Chanyoung Park,2025-01-14,18:42:09,-08:00,2025-01-14T18:42:09-08:00,0,21
projects/index.html,27,html,3e9fd43f,Chanyoung Park,2025-01-30,20:41:06,-08:00,2025-01-30T20:41:06-08:00,0,49
projects/index.html,28,html,3e9fd43f,Chanyoung Park,2025-01-30,20:41:06,-08:00,2025-01-30T20:41:06-08:00,0,48
projects/index.html,29,html,7cab4e68,Chanyoung Park,2025-01-14,18:42:09,-08:00,2025-01-14T18:42:09-08:00,0,5
projects/index.html,30,html,326af6d7,Chanyoung Park,2025-01-08,20:35:48,-08:00,2025-01-08T20:35:48-08:00,0,6
projects/index.html,31,html,326af6d7,Chanyoung Park,2025-01-08,20:35:48,-08:00,2025-01-08T20:35:48-08:00,0,6
meta/index.html,1,html,df82be98,Chanyoung Park,2025-02-09,16:11:28,-08:00,2025-02-09T16:11:28-08:00,0,14
meta/index.html,2,html,df82be98,Chanyoung Park,2025-02-09,16:11:28,-08:00,2025-02-09T16:11:28-08:00,0,15
meta/index.html,3,html,df82be98,Chanyoung Park,2025-02-09,16:11:28,-08:00,2025-02-09T16:11:28-08:00,0,5
meta/index.html,4,html,df82be98,Chanyoung Park,2025-02-09,16:11:28,-08:00,2025-02-09T16:11:28-08:00,0,21
meta/index.html,5,html,df82be98,Chanyoung Park,2025-02-09,16:11:28,-08:00,2025-02-09T16:11:28-08:00,0,69
meta/index.html,6,html,df82be98,Chanyoung Park,2025-02-09,16:11:28,-08:00,2025-02-09T16:11:28-08:00,0,18
meta/index.html,7,html,df82be98,Chanyoung Park,2025-02-09,16:11:28,-08:00,2025-02-09T16:11:28-08:00,0,42
meta/index.html,8,html,df82be98,Chanyoung Park,2025-02-09,16:11:28,-08:00,2025-02-09T16:11:28-08:00,0,6
meta/index.html,9,html,df82be98,Chanyoung Park,2025-02-09,16:11:28,-08:00,2025-02-09T16:11:28-08:00,0,5
meta/index.html,10,html,df82be98,Chanyoung Park,2025-02-09,16:11:28,-08:00,2025-02-09T16:11:28-08:00,0,12
meta/index.html,11,html,df82be98,Chanyoung Park,2025-02-09,16:11:28,-08:00,2025-02-09T16:11:28-08:00,0,62
meta/index.html,12,html,df82be98,Chanyoung Park,2025-02-09,16:11:28,-08:00,2025-02-09T16:11:28-08:00,0,0
meta/index.html,13,html,df82be98,Chanyoung Park,2025-02-09,16:11:28,-08:00,2025-02-09T16:11:28-08:00,0,49
meta/index.html,14,html,df82be98,Chanyoung Park,2025-02-09,16:11:28,-08:00,2025-02-09T16:11:28-08:00,0,6
meta/index.html,15,html,df82be98,Chanyoung Park,2025-02-09,16:11:28,-08:00,2025-02-09T16:11:28-08:00,0,6
contact/index.html,1,html,326af6d7,Chanyoung Park,2025-01-08,20:35:48,-08:00,2025-01-08T20:35:48-08:00,0,14
contact/index.html,2,html,326af6d7,Chanyoung Park,2025-01-08,20:35:48,-08:00,2025-01-08T20:35:48-08:00,0,15
contact/index.html,3,html,326af6d7,Chanyoung Park,2025-01-08,20:35:48,-08:00,2025-01-08T20:35:48-08:00,0,5
contact/index.html,4,html,326af6d7,Chanyoung Park,2025-01-08,20:35:48,-08:00,2025-01-08T20:35:48-08:00,0,21
contact/index.html,5,html,326af6d7,Chanyoung Park,2025-01-08,20:35:48,-08:00,2025-01-08T20:35:48-08:00,0,69
contact/index.html,6,html,326af6d7,Chanyoung Park,2025-01-08,20:35:48,-08:00,2025-01-08T20:35:48-08:00,0,26
contact/index.html,7,html,326af6d7,Chanyoung Park,2025-01-08,20:35:48,-08:00,2025-01-08T20:35:48-08:00,0,42
contact/index.html,8,html,326af6d7,Chanyoung Park,2025-01-08,20:35:48,-08:00,2025-01-08T20:35:48-08:00,0,6
contact/index.html,9,html,326af6d7,Chanyoung Park,2025-01-08,20:35:48,-08:00,2025-01-08T20:35:48-08:00,0,5
contact/index.html,10,html,326af6d7,Chanyoung Park,2025-01-08,20:35:48,-08:00,2025-01-08T20:35:48-08:00,0,15
contact/index.html,11,html,f927b111,Chanyoung Park,2025-01-22,22:56:05,-08:00,2025-01-22T22:56:05-08:00,0,37
contact/index.html,12,html,7cab4e68,Chanyoung Park,2025-01-14,18:42:09,-08:00,2025-01-14T18:42:09-08:00,0,36
contact/index.html,13,html,326af6d7,Chanyoung Park,2025-01-08,20:35:48,-08:00,2025-01-08T20:35:48-08:00,0,46
contact/index.html,14,html,7cab4e68,Chanyoung Park,2025-01-14,18:42:09,-08:00,2025-01-14T18:42:09-08:00,0,36
contact/index.html,15,html,96942d8a,Chanyoung Park,2025-01-08,20:56:03,-08:00,2025-01-08T20:56:03-08:00,0,45
contact/index.html,16,html,326af6d7,Chanyoung Park,2025-01-08,20:35:48,-08:00,2025-01-08T20:35:48-08:00,0,22
contact/index.html,17,html,326af6d7,Chanyoung Park,2025-01-08,20:35:48,-08:00,2025-01-08T20:35:48-08:00,0,6
contact/index.html,18,html,f927b111,Chanyoung Park,2025-01-22,22:56:05,-08:00,2025-01-22T22:56:05-08:00,0,0
contact/index.html,19,html,f927b111,Chanyoung Park,2025-01-22,22:56:05,-08:00,2025-01-22T22:56:05-08:00,0,49
contact/index.html,20,html,326af6d7,Chanyoung Park,2025-01-08,20:35:48,-08:00,2025-01-08T20:35:48-08:00,0,6
contact/index.html,21,html,326af6d7,Chanyoung Park,2025-01-08,20:35:48,-08:00,2025-01-08T20:35:48-08:00,0,6
